geography,geography code,Owned_2030,Owned_2030_lower,Owned_2030_upper,Social Rent_2030,Social Rent_2030_lower,Social Rent_2030_upper,Private Rent_2030,Private Rent_2030_lower,Private Rent_2030_upper,Shared Ownership_2030,Shared Ownership_2030_lower,Shared Ownership_2030_upper,% Overcrowded (Rooms)_2030,% Overcrowded (Rooms)_2030_lower,% Overcrowded (Rooms)_2030_upper,% Overcrowded (Bedrooms)_2030,% Overcrowded (Bedrooms)_2030_lower,% Overcrowded (Bedrooms)_2030_upper,% Under-occupied (Rooms)_2030,% Under-occupied (Rooms)_2030_lower,% Under-occupied (Rooms)_2030_upper,% Under-occupied (Bedrooms)_2030,% Under-occupied (Bedrooms)_2030_lower,% Under-occupied (Bedrooms)_2030_upper
Barking and Dagenham,E09000002,38.77100139649133,37.97523746327523,39.56676532970743,29.52800256870097,28.732238715910086,30.323766421491854,30.077999141099554,29.28223143013918,30.873766852059926,2.097986681746775,1.3022313539023838,2.8937420095911666,20.663200640421145,19.867457684817392,21.4589435960249,21.650561845382867,20.85479789863349,22.446325792132246,41.68296154094162,40.887197601741875,42.478725480141364,35.3772922776202,34.581528140965126,36.17305641427527
Barnet,E09000003,48.1500011199912,47.354237141233696,48.94576509874871,12.757007270483882,11.961237952592644,13.55277658837512,39.072999207923885,38.27723520795292,39.86876320789485,1.2979746502289302,0.5022434805654818,2.093705819892379,10.941103948800219,10.145340031589116,11.736867866011321,8.789527306683311,7.993764294722403,9.58529031864422,59.036973218748045,58.241258832058946,59.832687605437144,54.722114738982754,53.92579297041254,55.51843650755297
Barnsley,E08000016,60.53000279986088,59.7342390980444,61.325766501677364,18.65700478956424,17.860932913371574,19.453076665756907,21.17699873590459,20.3812347835327,21.97276268827648,0.5158756485725169,-0.2789049437825506,1.3106562409275844,2.846861006359916,2.05109257935071,3.6426294333691214,1.764956590473254,0.969208543420855,2.560704637525653,77.42653850514449,76.63071594673276,78.22236106355622,78.11545938893386,77.31928529500831,78.9116334828594
Bath and North East Somerset,E06000022,63.95700380917134,63.16124050846623,64.75276710987646,14.250054900678549,13.454450026212125,15.045659775144973,21.470997656981808,20.675233465379605,22.26676184858401,1.4499888089167712,0.6542304643732393,2.245747153460303,3.6011313803365965,2.8053678564428086,4.396894904230384,1.5343997316139166,0.7386345142559407,2.3301649489718925,72.09321723201361,71.29745368474987,72.88898077927736,73.10166816696996,72.30589320466063,73.89744312927928
Bedford,E06000055,59.90600183010963,59.110221455665204,60.70178220455406,16.468973453754952,15.673245494729905,17.26470141278,22.0339982820268,21.238187390649355,22.829809173404247,2.6739934897342152,1.8782126650095825,3.469774314458848,4.634295959926021,3.8385325476346783,5.430059372217364,4.265778559872633,3.470290063078387,5.061267056666878,71.15382540088632,70.35806192270867,71.94958887906397,67.61765577157246,66.82189259313304,68.41341895001187
Bexley,E09000004,65.1480014432799,64.35223751695388,65.94376536960591,14.867974650228934,14.072243480565486,15.663705819892382,18.80999856412143,18.01423463669545,19.60576249154741,1.7979892386875491,1.0022302798503253,2.593748197524773,6.355515311444805,5.559722403292745,7.1513082195968645,7.3830771634593475,6.587313935428314,8.17884039149038,70.97499528824916,70.17924221590776,71.77074836059056,63.58621704352015,62.79045351269311,64.38198057434718
Birmingham,E08000025,50.42000223993455,49.6242376836685,51.2157667962006,22.825007464194925,22.02923967638981,23.62077525200004,26.856998816078203,26.06123485096706,27.652762781189345,0.7700549006785451,-0.025549973787878266,1.5656597751449683,8.822993692880232,8.027230070343364,9.618757315417099,9.793279857155909,8.997522026485791,10.589037687826027,61.89206897165792,61.096305375613916,62.687832567701925,56.055809574457214,55.26004600736775,56.85157314154668
Blackburn with Darwen,E06000008,57.139001517592874,56.34323760255665,57.9347654326291,19.354991388597483,18.559228529118457,20.15075424807651,24.19199875001243,23.39623479553925,24.98776270448561,0.5288181819433584,-0.25830926388687137,1.3159456277735881,10.206042675597303,9.410279140232412,11.001806210962194,6.4644081833457605,5.668715677617013,7.260100689074508,61.68653908012607,60.89077507931396,62.48230308093817,64.79485128036252,63.99909406740109,65.59060849332396
Blackpool,E06000009,53.75300135591624,52.95723741682459,54.54876529500789,9.863010558564099,9.067251303723364,10.658769813404835,36.87999901754961,36.08423490834081,37.675763126758405,0.2941243514274827,-0.5006562409275848,1.0889049437825502,0.517707586028223,-0.27805631446190615,1.313471486518352,1.7253860604841407,0.9296236068389235,2.521148514129358,77.96301627332298,77.16725181702783,78.75878072961812,70.22311812463664,69.42735455828324,71.01888169099004
Blaenau Gwent,W06000019,58.23300275848783,57.43723903507355,59.0287664819021,23.494023252582046,22.698286820476902,24.28975968468719,18.841998238881388,18.046203255822373,19.637793221940402,0.11118181805664173,-0.675945627773588,0.8983092638868715,0.9245553461963141,0.1287913517139775,1.7203193406786506,1.2366136417728057,0.4406654952069342,2.0325617883386773,83.06168825122245,82.26589738579884,83.85747911664606,76.7173580232024,75.9215943058471,77.5131217405577
Bolton,E08000001,59.52200252242221,58.72623862494603,60.3177664198984,19.254008745818084,18.45824622991932,20.049771261716845,21.859998697688525,21.064234750886026,22.655762644491023,0.3300549006785438,-0.4655499737878793,1.125659775144967,9.218664350569838,8.422458004219068,10.014870696920608,6.7464006849687905,5.950429920078688,7.542371449858893,64.27779406500053,63.48203010738721,65.07355802261387,65.67388137339819,64.87809466326054,66.46966808353584
Bracknell Forest,E06000036,65.19300323677822,64.39723971702345,65.988766756533,14.764005385149346,13.968141302928558,15.559869467370135,18.636998266101045,17.841194083000026,19.432802449202065,2.2899906717802736,1.4942294058403478,3.0857519377201994,3.761388159232581,2.9656251136309004,4.557151204834262,3.342419640037974,2.5466853817959514,4.138153898279997,69.48763248869102,68.69178955210214,70.2834754252799,68.53731015156927,67.74154661937715,69.3330736837614
Bradford,E08000032,58.80600171797323,58.01019082659578,59.60181260935068,14.487032714684041,13.69132375071111,15.282741678656972,27.409998857152345,26.614234883953667,28.205762830351023,0.4280678750022666,-0.367447558750589,1.2235833087551222,7.068305390133958,6.272542154014674,7.864068626253241,4.780890052180837,3.9851221913022856,5.576657913059388,67.90426989261925,67.10833262505176,68.70020716018675,66.54505963944302,65.74931347552231,67.34080580336374
Brent,E09000005,34.41700125278385,33.621237298729966,35.21276520683773,22.951009175469338,22.155247611296943,23.746770739641732,41.35699905565366,40.56123475084324,42.15276336046408,2.2589863576763065,1.4632315059052294,3.054741209447384,16.200055242313056,15.404291242312468,16.995819242313644,16.194276080493268,15.398504819368767,16.990047341617768,49.054730082108904,48.258941614254624,49.85051854996318,43.195941876532686,42.3999865458657,43.99189720719967
Bridgend,W06000013,68.8170029944817,68.02123938015541,69.61276660880799,13.972923144431766,13.177483653411917,14.768362635451615,17.979998133312165,17.18422231580184,18.77577395082249,0.20218542506952453,-0.5900576994968428,0.9944285496358919,0.684575118764144,-0.11118828565850136,1.4803385231867894,1.4099638259813787,0.6142049254626125,2.205722726500145,87.77548704784613,86.97972203085024,88.57125206484201,80.5296982346556,79.73393493708234,81.32546153222886
Brighton and Hove,E06000043,49.700002947205746,48.90423931312,50.49576658129149,14.789060720749863,13.993493157669027,15.584628283830698,35.479998193485244,34.68421389708517,36.275782489885316,0.7841243514274829,-0.01065624092758466,1.5789049437825504,8.44006749095638,7.644303533736837,9.235831448175924,2.8774075728059643,2.0816440322493603,3.673171113362568,56.817848398068605,56.02193663450894,57.61376016162827,56.961313742393486,56.16554970301881,57.75707778176816
Bromley,E09000006,66.32100232357578,65.52523807983184,67.11676656731973,12.40800636245487,11.612221432723572,13.203791292186168,21.136998644083747,20.341234704992097,21.932762583175396,0.9229231444317652,0.1274836534119167,1.7183626354516135,4.838925343696644,4.043161876467669,5.63468881092562,4.970086918477421,4.174328079903962,5.765845757050879,70.47731158108277,69.68130239412189,71.27332076804366,67.04448440204737,66.24868500743828,67.84028379665646
Bury,E08000002,64.45300205124443,63.657235509520476,65.24876859296837,14.88510366920085,14.089973414712455,15.680233923689245,21.142998552991003,20.347234627220793,21.938762478761213,0.3958756485725168,-0.3989049437825507,1.1906562409275843,6.2642863496024574,5.468528195309121,7.060044503895794,4.106437520979874,3.3106884890950594,4.902186552864689,70.44112125343543,69.64528490005799,71.23695760681287,70.68417883888543,69.8884229961105,71.47993468166035
Caerphilly,W06000018,65.93800314586923,65.14223959147185,66.73376670026661,18.80684757743215,18.0127937796003,19.600901375264,15.650997837892987,14.855232779130437,16.44676289665554,0.3088181819433582,-0.47830926388687156,1.095945627773588,0.14674452415005135,-0.6490193794538613,0.942508427753964,1.3037287049670567,0.5079380014225338,2.0995194085115796,89.44853584091209,88.65277187793947,90.2442998038847,78.9591715067034,78.16340799152324,79.75493502188355
Calderdale,E08000033,62.826002856994876,62.030239182846366,63.621766531143386,13.95700835459391,13.161244753438629,14.752771955749191,23.952998589438494,23.157234658279254,24.748762520597733,0.3551036692008509,-0.440026585287544,1.1502339236892458,3.5177026943756573,2.721939280420653,4.313466108330662,2.4690429872364064,1.6732872661744174,3.2647987082983954,72.7245025996392,71.92901435502583,73.51999084425256,71.76433381775172,70.9680462632515,72.56062137225194
Camden,E09000007,27.391002231011385,26.595237630103636,28.186766831919133,34.211990350503896,33.41622966427878,35.00775103672901,38.61399833302312,37.8181565682798,39.40984009776644,0.841932124997733,0.04641669124487724,1.6374475587505888,11.718123894534983,10.922359558325574,12.513888230744392,7.582689318508585,6.786925487822028,8.378453149195142,45.61572228552768,44.81995831691151,46.41148625414385,43.525913108492205,42.730141554628936,44.32168466235547
Cardiff,W06000015,56.96300495793599,56.16702054252639,57.7589893733456,17.213911593811332,16.418588821568665,18.009234366054,26.44099765698178,25.645233465379576,27.23676184858398,0.16503700423159984,-0.6306562895138005,0.9607302979770002,1.1097825104817503,0.3140185365521605,1.9055464844113401,3.4955777035570748,2.6998195293763976,4.291335877737752,73.29135754008894,72.49559397951269,74.08712110066519,65.91915158814601,65.12339252821478,66.71491064807724
Carmarthenshire,W06000010,69.47400538514938,68.6781413029286,70.26986946737017,13.860011191083231,13.064252846539699,14.655769535626764,17.67099818764416,16.875214948156405,18.466781427131913,0.2868475774321473,-0.5072062203997024,1.080901375263997,1.510704131419061,0.7148615750986038,2.306546687739518,1.018745718577037,0.22297985194463232,1.8145115852094418,84.71800833644502,83.92225607415781,85.51376059873223,81.61686347851386,80.82101963318357,82.41270732384416
Central Bedfordshire,E06000056,69.90900402836007,69.11324081677223,70.70476723994791,13.238067875002269,12.442552441249413,14.033583308755125,15.195996585619525,14.400233132732046,15.991760038507005,2.5689938470626714,1.7732011776598546,3.364786516465488,2.2399147107165334,1.4436277073759995,3.036201714057067,2.1543954929266036,1.3586671367612815,2.9501238490919257,76.77153318422216,75.97576979604665,77.56729657239768,75.69046735056975,74.89479515709384,76.48613954404566
Ceredigion,W06000008,69.44099434353623,68.64516737154175,70.23682131553072,10.813984468402126,10.018232548882496,11.609736387921755,21.28599243502518,20.490225320953986,22.081759549096372,0.27412435142748315,-0.5206562409275843,1.0689049437825506,0.7895013254379819,-0.00626368320994064,1.5852663340859046,0.24113775232956414,-0.5546253132851174,1.0369008179442458,83.96099906846672,83.16523597825687,84.75676215867657,82.65941559809926,81.86365062127852,83.45518057491999
Cheshire East,E06000049,69.49300212922708,68.69723675538278,70.28876750307138,11.759972139343208,10.964247883396789,12.555696395289628,18.218998139510404,17.423221657606142,19.014774621414666,1.477989238687556,0.6822302798503321,2.27374819752478,1.4710881500555502,0.6751521708852262,2.267024129225874,1.0739322521041998,0.278173741525819,1.8696907626825807,82.24278653005825,81.44702267034089,83.03855038977562,81.13142827016645,80.3355198977149,81.927336642618
Cheshire West and Chester,E06000050,66.05800225799686,65.26223778425393,66.8537667317398,14.577076855568235,13.781637364548386,15.372516346588084,18.581998238881397,17.786203255822382,19.37779322194041,1.6819883434204428,0.8862306538573541,2.4777460329835312,1.3465976942657107,0.5508343833475502,2.1423610051838713,1.1275341500066816,0.33177267656124776,1.9232956234521152,80.93005544774743,80.13427961934678,81.72583127614809,80.02053591076873,79.22471565548193,80.81635616605553
City of London,E09000001,31.29900096717961,30.50323680241152,32.094765131947696,13.357003353053187,12.561239877092929,14.152766829013446,59.467999549114666,58.67223552762287,60.263763570606464,0.18608840618867006,-0.609234366053997,0.9814111784313371,0.9949575955442924,0.19919295147818028,1.7907222396104046,3.713633943016532,2.917625744887642,4.509642141145422,44.100032205200705,43.304268205148794,44.895796205252616,31.09864627499708,30.30288975434748,31.89440279564668
Conwy,W06000003,67.50800571407203,66.71218445085331,68.30382697729074,12.303984468402135,11.508232548882505,13.099736387921764,21.068997575845515,20.27323354959062,21.86476160210041,0.39803092017625374,-0.39768399583445935,1.1937458361869668,2.238293762860536,1.4423754481826685,3.034212077538404,1.5349360769133966,0.7391760197697659,2.3306961340570274,78.175595130582,77.3798319727614,78.9713582884026,76.47805644287251,75.68228094525894,77.27383194048609
Cornwall,E06000052,63.92700217893082,63.131237253767296,64.72276710409434,13.500992913422863,12.705221775911076,14.29676405093465,22.364998101689366,21.56922513059716,23.16077107278157,1.557986681746769,0.7622313539023775,2.3537420095911603,3.800129251416223,3.0042701493839785,4.595988353448467,1.662556924236668,0.866800534169943,2.458313314303393,74.04137925310033,73.24561426881856,74.8371442373821,74.9581002120108,74.17220051287777,75.74399991114385
County Durham,E06000047,59.57000169719629,58.77418019661919,60.36582319777339,19.82503700423161,19.02934371048621,20.620730297977012,21.214998769242584,20.419234811838134,22.010762726647034,0.35292314443176664,-0.4425163465880819,1.1483626354516152,1.852448590441412,1.0566480716075421,2.648249109275282,0.8659961136163759,0.07022838014062693,1.6617638470921248,81.2068587330647,80.41110509078715,82.00261237534227,81.05891102256783,80.26314564904624,81.85467639608942
Coventry,E08000026,54.65100180071147,53.85521639221316,55.44678720920978,16.907076855568235,16.111637364548386,17.702516346588084,28.47599864735878,27.680234707795545,29.271762586922012,0.769945099321454,-0.02565977514496931,1.5655499737878773,6.053446069301003,5.2576824997651075,6.849209638836899,6.198025781739005,5.402269447040276,6.9937821164377345,70.51434247915816,69.7185959908178,71.31008896749852,64.95508235648072,64.15927397116644,65.75089074179499
Croydon,E09000008,51.02800137253257,50.23223743583864,51.8237653092265,17.944896330799146,17.14976607631075,18.74002658528754,30.091998828462124,29.296234861094092,30.887762795830156,1.5649629957684006,0.7692697020230002,2.360656289513801,10.716227925596286,9.920452321615572,11.512003529577,11.038769420329146,10.243002457530075,11.834536383128217,59.69797111448641,58.90328472398741,60.4926575049854,52.26968931950955,51.47392587747435,53.065452761544755
Darlington,E06000005,60.815002604539984,60.01923878168907,61.6107664273909,16.85799222507302,16.062226305540815,17.653758144605224,22.723997627200333,21.928233504916946,23.51976174948372,0.3988181819433583,-0.3883092638868715,1.185945627773588,0.7745098885034736,-0.021253804675253063,1.5702735816822002,1.4272322065998253,0.6314682512869532,2.2229961619126977,80.84066442764085,80.04487949318535,81.63644936209634,76.8325814983076,76.03681767621188,77.62834532040333
Denbighshire,W06000004,63.56200213735292,62.76623684884284,64.357767425863,13.490970688757443,12.695250734851356,14.28669064266353,23.74699864408376,22.95123470499211,24.54276258317541,0.4510500804965538,-0.3445824097249768,1.2466825707180844,2.453666586714945,1.6577345878279106,3.24959858560198,1.3321965915078238,0.5364196395069191,2.1279735435087286,77.14757597350598,76.35181222872556,77.9433397182864,77.16516481171055,76.3694015853467,77.96092803807441
Derby,E06000015,56.9240023930783,56.12823831184615,57.71976647431045,17.881005544690055,17.085165576875657,18.676845512504453,25.245998738751496,24.45023478595823,26.04176269154476,0.6690607207498616,-0.12650684233097353,1.4646282838306965,4.2817479802703815,3.4859845747771976,5.077511385763565,4.975417864456853,4.18493795284499,5.765897776068716,73.13316715694299,72.33740558239919,73.92892873148679,67.683655555243,66.88794021667165,68.47937089381436
Doncaster,E08000017,60.50900216210698,59.71323710334443,61.30476722086953,16.361007884335038,15.565242496029933,17.156773272640145,23.56099877996803,22.76523482088337,24.35676273905269,0.5009392792501401,-0.29462828383069495,1.2965068423309751,1.7006258802308025,0.9048625567743614,2.4963892036872437,1.7529925850269308,0.9572233979895918,2.5487617720642697,81.19623839521014,80.40049243498842,81.99198435543187,77.60723340893034,76.8114703460617,78.40299647179899
Dudley,E08000027,64.32400239307827,63.528238311846124,65.11976647431042,18.242006827535306,17.446232274096428,19.037781380974184,17.941998777304207,17.146234818640455,18.73776273596796,0.36906072074986085,-0.42650684233097425,1.1646282838306958,3.2954295257353863,2.4994826610812715,4.091376390389501,2.9757201359614527,2.179970303444857,3.771469968478048,73.72579312766857,72.93002952793405,74.52155672740308,71.38656460515632,70.5910111639387,72.18211804637394
Ealing,E09000009,41.87600115225382,41.08023718107915,42.67176512342849,16.932009027638998,16.13624715711914,17.727770898158855,39.861999135799124,39.06623199233207,40.65776627926618,2.2059767474179495,1.4102403153128047,3.0017131795230942,11.63355250399286,10.83778699251388,12.42931801547184,12.506921254257776,11.711152912775587,13.302689595739965,56.0678108101439,55.27202273683373,56.86359888345406,46.527293601260084,45.73149957618018,47.32308762633999
East Riding of Yorkshire,E06000011,71.15800256870108,70.3622387159102,71.95376642149196,9.641980050892357,8.84623625929132,10.437723842493394,19.781998238881442,18.986203255822428,20.577793221940457,0.5279539731271718,-0.2676995253137676,1.3236074715681112,1.117529981315215,0.3216508177406583,1.9134091448897719,0.660575933249504,-0.13518710623530406,1.4563389727343121,83.5872733115242,82.79149176397146,84.38305485907694,83.38105679969732,82.58529349343925,84.17682010595539
Enfield,E09000010,47.404001010824004,46.60823696232742,48.19976505932059,16.506009993679854,15.710249876550941,17.301770110808768,35.64099921015804,34.8452352100075,36.436763210308584,1.251969079823752,0.45625416381303885,2.047683995834465,14.541042288754625,13.74527859855808,15.336805978951169,14.456873014396365,13.661109514963194,15.252636513829536,56.925152994416955,56.129404828684095,57.720901160149815,50.36205168964386,49.56628846608964,51.15781491319809
Flintshire,W06000005,70.81600528385295,70.02012144324107,71.61188912446482,13.971009175469348,13.175247611296953,14.766770739641743,15.603997894783674,14.808232235029996,16.399763554537355,0.39707685556823336,-0.3983626354516151,1.1925163465880817,2.437983040442532,1.6422158041420027,3.233750276743061,0.9258657936773602,0.13002896111534523,1.721702626239375,80.1711035233904,79.37533999113063,80.96686705565017,80.31302405018937,79.51726052289814,81.1087875774806
Gateshead,E08000037,57.77402325258206,56.97828682047692,58.569759684687206,22.489001937706803,21.693231523327576,23.28477235208603,19.90899856779356,19.11323463982331,20.70476249576381,0.37218542506952446,-0.4200576994968429,1.164428549635892,1.278653760754878,0.4828888554280034,2.0744186660817525,1.1543493355956684,0.3581081540868575,1.9505905171044793,77.63304127204401,76.8372764517401,78.42880609234793,76.37567064852101,75.57982061845031,77.1715206785917
Greenwich,E09000011,39.2420026413933,38.44623884602663,40.037766436759966,27.973001681947494,27.177170771927617,28.76883259196737,30.629999017549608,29.83423490834081,31.425763126758405,2.7189908245306498,1.9232292603582541,3.5147523887030454,7.4273030828483115,6.631537758103492,8.223068407593132,10.548154229445153,9.752437361222258,11.343871097668048,55.60250534562573,54.80674170092071,56.39826899033075,46.7879587419431,45.99219494930962,47.58372253457658
Gwynedd,W06000002,65.41,64.62939466111561,66.19060533888438,17.117986681746785,16.322231353902396,17.913742009591175,19.140997186070933,18.34523349127585,19.936760880866018,0.2541243514274836,-0.540656240927584,1.048904943782551,1.2983353864047444,0.502571808992036,2.0940989638174528,1.3477503358408285,0.5519873783852335,2.1435132932964236,84.81742906949324,84.02166598147048,85.61319215751601,80.55026210555815,79.75420595155772,81.34631825955857
Hackney,E09000012,25.280992913422864,24.48522177591108,26.07676405093465,37.59100174468392,36.79520151611838,38.38680197324946,35.09699826610108,34.30119408300006,35.8928024492021,2.6719690798237465,1.8762541638130334,3.4676839958344594,8.142677357429875,7.346913335577106,8.938441379282644,10.40154764128988,9.605782827789461,11.1973124547903,44.00694809161837,43.211183992660295,44.80271219057644,38.14634107943971,37.350577245040476,38.94210491383894
Halton,E06000006,57.86100192439392,57.065230746789744,58.65677310199809,23.55700643550992,22.761223651704654,24.352789219315184,18.424998769242507,17.629234811838057,19.220762726646957,0.9229672853159627,0.12725832134303172,1.7186762492888938,1.350067488528964,0.5543038585513897,2.145831118506538,1.5174020419702003,0.721637004771319,2.313167079169082,82.10679278183,81.31102678507584,82.90255877858415,75.13343148182148,74.3376683208808,75.92919464276216
Hammersmith and Fulham,E09000013,30.409002962797672,29.613239335305018,31.204766590290326,28.587004087155776,27.79124090016283,29.382767274148723,40.58299880086747,39.78723483837889,41.37876276335605,1.4270768555682345,0.631637364548386,2.222516346588083,9.102549004735693,8.306784982973857,9.898313026497528,6.273765923145447,5.477976821674777,7.069555024616117,46.21712865147731,45.4213150776885,47.01294222526612,44.622454877140626,43.82669110402419,45.41821865025706
Haringey,E09000014,35.76200345652694,34.96624001953534,36.55776689351854,23.81300365981815,23.017240300494567,24.608767019141734,39.25099863082312,38.455234693644165,40.04676256800207,1.7849629957683995,0.989269702022999,2.5806562895138,13.626762651932722,12.830998646059996,14.422526657805449,11.242869571057838,10.447105160713097,12.03863398140258,51.098466690130294,50.302702741386504,51.894230638874085,45.01180597539263,44.216042203745985,45.80756974703928
Harrow,E09000015,52.93900086286976,52.14323358603167,53.73476813970785,10.172025349771069,9.376294180107621,10.967756519434516,36.597999283889976,35.80223527807426,37.393763289705696,1.2549629957684019,0.45926970202300144,2.0506562895138023,12.639801368374947,11.844037708313733,13.43556502843616,13.848852573951604,13.053088982650614,14.644616165252593,62.154149084498215,61.35842054482431,62.94987762417212,54.319300566492075,53.523536113227046,55.115065019757104
Hartlepool,E06000001,56.781003477992726,55.985240049116506,57.57676690686895,23.35906072074986,22.563493157669026,24.154628283830693,20.10899800714253,19.313229942997094,20.90476607128797,0.6609392792501403,-0.1346282838306948,1.4565068423309753,2.129459441300554,1.3334360527299336,2.9254828298711746,1.1649078911248978,0.3691374940820733,1.9606782881677223,79.21194078505903,78.41617584123951,80.00770572887855,76.48863644470481,75.6928731280053,77.28439976140432
Havering,E09000016,65.64700131146105,64.85123736597718,66.44276525694492,13.117009818574203,12.321249417384161,13.912770219764246,20.490998921009805,19.695234928417825,21.286762913601784,1.2839844684021244,0.4882325488824949,2.079736387921754,8.466882435042109,7.671121863228283,9.262643006855935,7.8786860061600805,7.082922279534614,8.674449732785547,65.64549588606974,64.8497319586204,66.44125981351908,63.01123437241597,62.21542435745034,63.8070443873816
Hillingdon,E09000017,50.96700089314072,50.17123559035081,51.76276619593063,15.580009328219703,14.784248062279776,16.37577059415963,32.90099928113182,32.10523527551988,33.69676328674375,1.2421854250695237,0.4499423005031563,2.034428549635891,13.387148106153461,12.59138501402828,14.182911198278642,12.79326347889588,11.997500048263138,13.589026909528624,55.62003583389907,54.82427139848998,56.41580026930816,51.47120390370969,50.67543887379898,52.266968933620404
Hounslow,E09000018,41.703001264095406,40.90723731172352,42.49876521646729,19.335003026850643,18.539239425699723,20.130766628001563,37.59299925033724,36.7972352470397,38.388763253634785,1.9710265462450494,1.1752985872200017,2.766754505270097,14.520847620956829,13.72508369689766,15.316611545015999,16.305526777301054,15.509763115458952,17.101290439143156,49.72814259847952,48.93238149313893,50.52390370382012,43.34255322982574,42.546783409564505,44.138323050086974
Isle of Anglesey,W06000001,67.86601553159787,67.07026361207824,68.6617674511175,16.512994227125716,15.717178199698596,17.308810254552835,16.865996111486083,16.070232842588602,17.661759380383565,0.3429231444317651,-0.4525163465880834,1.1383626354516134,1.9382496483557645,1.1424819745468042,2.734017322164725,1.1088690810548059,0.3131084631809198,1.904629698928692,83.49927521565402,82.70349613785406,84.29505429345399,81.17328092266595,80.37751358254877,81.96904826278313
Isle of Wight,E06000046,65.45400229500984,64.65823796264223,66.24976662737745,11.078973453754951,10.283245494729904,11.874701412779999,23.575998271442813,22.780191960583643,24.371804582301984,0.9699721393432057,0.17424788339678554,1.7656963952896259,2.7040694659414157,1.9083060261620777,3.499832905720754,1.6849431191023285,0.8891864369228136,2.4806998012818435,76.2819328123403,75.48615229857302,77.07771332610758,74.38137459918849,73.58555497974761,75.17719421862937
Isles of Scilly,E06000053,47.093998041973805,46.298228629456204,47.889767454491405,16.485006586782163,15.689227550355541,17.280785623208786,42.83999918837253,42.04421791361124,43.63578046313382,2.1019917681520326,1.306227763165876,2.897755773138189,-1.5706449651106595,-2.3664089658734824,-0.7748809643478367,0.893071810543077,0.09731223359454666,1.6888313874916074,75.58429516057942,74.78853149727362,76.38005882388521,72.497392271069,71.70131853017014,73.29346601196787
Islington,E09000019,25.122003255594166,24.326239742948975,25.917766768239357,38.53500302685063,37.739239425699715,39.33076662800155,34.96799867300069,34.17223472975119,35.7637626162502,1.954984026070477,1.1592328366304727,2.750735215510481,3.02693399786358,2.231169974496999,3.8226980212301607,8.217676830628534,7.421913756745533,9.013439904511534,43.299399393536646,42.50363544034565,44.095163346727645,37.899630320804675,37.10386313411612,38.69539750749323
Kensington and Chelsea,E09000020,28.098001407017364,27.302237475338906,28.89376533869582,30.277998145667084,29.48222096382365,31.073775327510518,42.95299851460982,42.15723459462402,43.74876243459561,1.1179539731271717,0.32230047468623224,1.913607471568111,12.012381759212076,11.216617752470427,12.808145765953725,7.908958368926648,7.113226341608226,8.70469039624507,51.99587956897335,51.20011561316708,52.79164352477962,46.363419630298324,45.56765645375527,47.15918280684138
Kingston upon Thames,E09000021,57.970001750127494,57.17420335734774,58.765800142907246,10.365007464194917,9.569239676389802,11.160775252000033,31.60999883334341,30.81423486504915,32.40576280163767,0.7178145749304758,-0.07442854963589152,1.5100576994968433,4.72637578883166,3.930611842359398,5.522139735303923,6.19547808037548,5.399747989880934,6.991208170870026,67.74641542056196,66.95023915351467,68.54259168760925,62.4801255359824,61.68783300908437,63.27241806288043
Kirklees,E08000034,64.1150036126026,63.31924023505192,64.91076699015329,14.302010761312445,13.506251802475221,15.09776972014967,22.255998418104355,21.46023451323458,23.051762322974128,0.4068475774321474,-0.3872062203997023,1.2009013752639972,5.4385586358563955,4.642795218850356,6.234322052862435,3.9590220319045812,3.1632661326760387,4.754777931133124,68.03311792558753,67.23735444584096,68.8288814053341,70.06674259351584,69.27097937411493,70.86250581291675
Knowsley,E08000011,57.35400239307825,56.5582383118461,58.1497664743104,24.027004087155774,23.231240900162828,24.82276727414872,18.4329987746288,17.637234816385313,19.228762732872287,1.0989819729974784,0.3032344112469093,1.8947295347480475,0.8350101408955197,0.03924418833013876,1.6307760934609008,1.730463130285841,0.9340735533556942,2.526852707215988,85.01500914127848,84.21924516665058,85.81077311590639,75.91556006098045,75.11979620935146,76.71132391260944
Lambeth,E09000022,33.055875648572524,32.26109505621746,33.85065624092759,32.24000373300163,31.44424040220769,33.03576706379557,33.31999733345299,32.52423355527324,34.115761111632736,2.061980050892352,1.2662362592913141,2.8577238424933897,8.120970410358268,7.325206390670383,8.916734430046153,8.152797773948691,7.357031957759027,8.948563590138356,48.96481679078522,48.16905285657669,49.76058072499375,42.86827705270585,42.072472829232275,43.664081276179424
Leeds,E08000035,55.91800474930767,55.121906555708726,56.714102942906614,19.04300365981817,18.247240300494585,19.838767019141752,25.272998552990884,24.477234627220675,26.068762478761094,0.677953973127174,-0.11769952531376549,1.4736074715681133,4.866225245945827,4.07046133333837,5.661989158553284,3.7872062919308505,2.9920622746779655,4.582350309183735,70.30569430158609,69.52247714284395,71.08891146032822,68.03109258311417,67.23533589492534,68.826849271303
Leicester,E06000016,43.9230018482167,43.12722392908434,44.71877976734906,21.12500248879286,20.329238553377383,21.920766424208335,35.374999157884304,34.57922882482614,36.17076949094247,0.4210500804965527,-0.3745824097249779,1.2166825707180833,11.463478396048515,10.667714705348061,12.25924208674897,14.686112253190231,13.890347278098846,15.481877228281617,59.4278316253378,58.63196174803001,60.223701502645596,49.336049352439204,48.54025479776362,50.131843907114785
Lewisham,E09000023,41.37401036330944,40.57825081778914,42.169769908829736,27.554003043298962,26.758239448751848,28.349766637846077,29.80099806229316,29.005227647913934,30.596768476672388,1.9049840260704798,1.1092328366304756,2.700735215510484,11.036843646592388,10.241079429131455,11.83260786405332,10.805402725351115,10.009639193623931,11.6011662570783,51.20906739067169,50.413303901654416,52.00483087968897,45.74100135930343,44.945301320248014,46.53670139835885
Liverpool,E08000012,46.61703271468404,45.821323750711116,47.41274167865697,25.085003861701693,24.289240582000303,25.880767141403084,28.471997910492064,27.67623203227251,29.26776378871162,0.7769574272539401,-0.01871242251866967,1.57262727702655,1.2711383110985253,0.47537435846298226,2.066902263734068,2.857956314459443,2.0621876799738965,3.6537249489449897,77.92046434641372,77.12470039559408,78.71622829723337,68.66500187814539,67.8692249611632,69.46077879512758
Luton,E06000032,48.34200090031959,47.546235846054785,49.137765954584395,16.909990671780278,16.11422940584035,17.705751937720205,34.71399911949629,33.91823321585519,35.5097650231374,0.6749629957684,-0.1207302979770003,1.4706562895138005,13.967676515472789,13.171909913578284,14.763443117367293,13.30927385161732,12.512857097169327,14.105690606065313,53.97402728118425,53.17826332747606,54.76979123489244,47.707983652574626,46.91221969618851,48.503747608960744
Manchester,E08000003,36.73401036330945,35.938250817789154,37.52976990882975,27.58900267930437,26.793238909422715,28.384766449186028,35.86599857869851,35.07023464911766,36.66176250827936,0.8339115938113295,0.0385888215686625,1.6292343660539965,4.372703241745285,3.576937453872883,5.168469029617686,8.019344426651347,7.2236637171331095,8.815025136169584,59.815575429894324,59.01964824272493,60.61150261706372,52.50881637458298,51.713052591206285,53.30458015795967
Medway,E06000035,62.06400190476484,61.26822941834707,62.859774391182604,13.920985659866645,13.125231858093246,14.716739461640044,22.960998187644122,22.16521494815637,23.756781427131877,1.866986990794146,1.0712312149607846,2.662742766627508,4.709644738987777,3.913881509204937,5.5054079687706166,5.068226677801732,4.272465468142508,5.863987887460956,70.86825597739613,70.07249215459292,71.66401980019934,65.25366719493002,64.45790365692733,66.0494307329327
Merthyr Tydfil,W06000024,59.97000199997319,59.17423416435571,60.765769835590675,22.476992331486045,21.68122583836011,23.27275882461198,18.818998530204,18.023234607853503,19.614762452554494,0.09412435142748343,-0.7006562409275842,0.888904943782551,-0.7151112239686199,-1.5108751365274764,0.08065268859023667,0.87331304515601,0.07754947103451548,1.6690766192775046,90.28905157570989,89.49328757586933,91.08481557555045,77.16143588933403,76.36566807265353,77.95720370601452
Merton,E09000024,52.34500153422357,51.549237621779824,53.14076544666732,14.27093927925014,13.475371716169304,15.066506842330975,32.92999869768846,32.13423475088596,33.72576264449096,1.2489734537549495,0.45324549472990183,2.044701412779997,7.191601283374325,6.39583732022102,7.987365246527631,9.604472846693938,8.808738010097995,10.40020768328988,65.06557937241433,64.2698151369918,65.86134360783687,56.73601403051714,55.940246189242025,57.531781871792255
Middlesbrough,E06000002,52.99200252242224,52.196238624946055,53.787766419898425,22.673008884495005,21.877246697463814,23.468771071526195,25.017998733044692,24.222234781094897,25.813762684994487,0.5141243514274834,-0.28065624092758423,1.3089049437825508,1.7071039186546386,0.9113364855826941,2.5028713517265833,2.4074228844201855,1.6114538826044364,3.2033918862359343,79.88508393898996,79.08927467624115,80.68089320173878,73.27330850224251,72.47754467781652,74.0690723266685
Milton Keynes,E06000042,52.106001891900405,51.310228409815196,52.901775373985615,18.133911593811327,17.33858882156866,18.929234366053993,24.168998448777188,23.373234539009697,24.96476235854468,6.145875648572517,5.351095056217449,6.940656240927584,5.155138468221537,4.359374419375387,5.9509025170676875,5.8006184030058705,5.004862419598204,6.596374386413537,68.06014741973672,67.26438423513001,68.85591060434344,65.38938836857824,64.59362512208735,66.18515161506913
Monmouthshire,W06000021,70.38000329388996,69.58423979567871,71.1757667921012,14.209972139343208,13.414247883396788,15.005696395289627,16.195998028188683,15.40022919911257,16.991766857264796,0.3511818180566415,-0.43594562777358825,1.1383092638868713,0.921280099428543,0.12551688778267933,1.7170433110744068,0.7293123076171355,-0.06645159469801531,1.5250762099322863,83.05247094129848,82.25671095123107,83.84823093136589,82.10872527570032,81.31239234425794,82.9050582071427
Neath Port Talbot,W06000012,64.6330026289935,63.83723882470856,65.42876643327843,19.34795397312717,18.55230047468623,20.143607471568107,17.136998457323557,16.34123454620721,17.932762368439903,0.14218542506952403,-0.6500576994968433,0.9344285496358914,-0.059356186927971066,-0.8551198992486079,0.7364075253926657,1.1337770876501736,0.33800894486514244,1.9295452304352048,90.72889961933492,89.93313568512677,91.52466355354308,78.74503246403222,77.94903832631451,79.54102660174993
Newcastle upon Tyne,E08000021,49.05202534977107,48.25629418010762,49.84775651943452,25.019002248929553,24.223237735008855,25.81476676285025,26.13699849868101,25.34123458113206,26.93276241622996,0.5148963307991501,-0.2802339236892448,1.310026585287545,2.0024745893070985,1.2067106719414915,2.7982385066727056,2.239749457944356,1.4437442159563139,3.035754699932398,74.71788879572,73.92206256620615,75.51371502523385,70.26760936167034,69.47184576951636,71.06337295382431
Newham,E09000025,28.532002222159065,27.7362375741772,29.32776687014093,26.60000349972671,25.804240079083485,27.395766920369937,42.52399874440721,41.72823479077303,43.31976269804139,2.900990513860279,2.105229539962819,3.696751487757739,16.720063217891038,15.924299199170015,17.51582723661206,18.219281158577928,17.423517244624716,19.01504507253114,41.13904881377994,40.34327816011126,41.93481946744861,36.11534906625579,35.319297351469345,36.91140078104223
Newport,W06000022,61.768004374466045,60.97224131217159,62.5637674367605,19.155015973929522,18.35926478448952,19.950767163369527,19.08299790266733,18.28723213667568,19.87876366865898,0.8909706887574487,0.09525073485136282,1.6866906426635344,1.9612406355666963,1.1654765326197067,2.757004738513686,3.3474243070207024,2.5518400727864985,4.143008541254906,79.73178885789162,78.93602577509581,80.52755194068742,74.30212087360567,73.50636300425265,75.0978787429587
North East Lincolnshire,E06000012,61.83400249990251,61.03823857761005,62.62976642219497,11.972004241937384,11.176241121173678,12.76776736270109,26.260998694652812,25.465234748288168,27.056762641017457,0.6899721393432046,-0.10575211660321582,1.485696395289625,0.09527336915391516,-0.700490394291669,0.8910371325994993,1.1520524378411778,0.356287179756393,1.9478176959259628,85.8028355508406,85.00707145698286,86.59859964469834,78.56225626749188,77.76649267972522,79.35801985525853
North Lincolnshire,E06000013,65.70100278593264,64.90523907701167,66.49676649485362,14.57401271416171,13.778256515450845,15.369768912872576,20.53499850668777,19.73923458791115,21.330762425464393,0.30684757743214686,-0.48720622039970285,1.1009013752639967,1.1395161217182022,0.34375305656965394,1.9352791868667505,1.408235759010637,0.6124701351161836,2.20400138290509,83.57110134334208,82.7759133168924,84.36628936979176,80.09599721213795,79.29957332000956,80.89242110426633
North Somerset,E06000024,70.40400417863907,69.60824103052704,71.1997673267511,9.23684757743215,8.442793779600299,10.030901375264,20.42599750009748,19.630233577805022,21.22176142238994,0.8189499195034458,0.02331742928191516,1.6145824097249764,2.8631419837375347,2.067346855233034,3.6589371122420355,1.8396896204740294,1.0444859055081728,2.634893335439886,76.7859330613847,75.99016919085209,77.5816969319173,76.51531583410458,75.71956186388402,77.31106980432514
North Tyneside,E08000022,62.68000509244871,61.884070667720145,63.475939517177274,19.631005544690055,18.835165576875657,20.426845512504453,17.737998014207733,16.94222970877678,18.533766319638687,0.6189499195034465,-0.17668257071808413,1.414582409724977,1.0785157495209319,0.2827522540296423,1.8742792450122214,0.9672247710804243,0.17146182002901267,1.762987722131836,80.65044377832521,79.85468010730447,81.44620744934595,77.66474617153682,76.86898230672887,78.46051003634477
Northumberland,E06000057,64.62400874581809,63.82824622991932,65.41977126171685,16.940006221221807,16.144216368213932,17.735796074229683,19.236998210782986,18.44121040153326,20.03278602003271,0.7119690798237528,-0.0837458361869603,1.5076839958344659,1.276610254844087,0.4803501490488906,2.0728703606392833,0.5688191877444808,-0.22695007494524977,1.3645884504342114,82.6002754238701,81.80449751055181,83.39605333718839,82.23534330149732,81.43957707390159,83.03110952909306
Nottingham,E06000018,45.18489633079915,44.38976607631076,45.98002658528754,21.6830013238623,20.887237380161984,22.478765267562615,33.595998989175996,32.80023494067941,34.39176303767258,0.37304257274605845,-0.42262727702655134,1.1687124225186682,4.924930727417973,4.129166792209701,5.7206946626262445,6.067612465442263,5.273338300689077,6.861886630195449,62.95893599184552,62.16317848928086,63.75469349441018,59.82707779646313,59.031207810195816,60.62294778273044
Oldham,E08000004,56.248001222695734,55.45223726403198,57.04376518135949,21.336957427253942,20.541287577481334,22.13262727702655,22.66899898367251,21.873234942972214,23.464763024372804,0.48489633079915073,-0.3102339236892442,1.2800265852875456,12.123775372096702,11.328011134912407,12.919539609280998,8.295812965552614,7.500029595993964,9.091596335111262,60.472904826217245,59.677140706331954,61.26866894610254,62.115839105050526,61.31986191489098,62.91181629521007
Pembrokeshire,W06000009,65.4570031636402,64.66123961606479,66.2527667112156,16.713990006320145,15.918229889191233,17.50975012344906,19.039998068972636,18.24422728317895,19.83576885476632,0.24118181805664163,-0.5459456277735881,1.0283092638868714,1.9329347852875571,1.1365378794617857,2.7293316911133285,1.1102830777811334,0.3145187834084089,1.906047372153858,79.60593268536786,78.81016941182023,80.4016959589155,79.8658018951588,79.06991758992108,80.66168620039652
Peterborough,E06000031,52.05000147366377,51.25423755189789,52.84576539542965,17.866006510265777,17.070225685541143,18.66178733499041,29.095998931305303,28.30023493392609,29.891762928684514,1.7849875678089546,0.9892309686404958,2.5807441669774134,6.003448316579153,5.207167637060887,6.799728996097419,6.8972104062556525,6.101413584932626,7.693007227578679,66.5326466936965,65.73687249760754,67.32842088978548,63.23204293189991,62.436278778723334,64.02780708507649
Plymouth,E06000026,56.71400538514936,55.918141302928575,57.50986946737015,17.647006435509923,16.851223651704657,18.442789219315188,24.861997742003098,24.066233268260167,25.65776221574603,1.5489863576762986,0.7532315059052215,2.344741209447376,1.8386037327578606,1.0428398256874645,2.6343676398282567,1.5748291127561629,0.7786759799485476,2.370982245563778,71.60622585078244,70.81046266115936,72.40198904040551,69.02275658999451,68.22699276274186,69.81852041724717
Portsmouth,E06000044,49.91100214554092,49.11523693782668,50.70676735325516,17.766021474919746,16.97028094254698,18.56176200729251,32.184998582296544,31.389234652186055,32.98076251240703,0.8180678750022672,0.02255244124941158,1.6135833087551228,3.6395888567400334,2.843824934686166,4.4353527787939,3.8039505291530133,3.008188291455859,4.599712766850168,69.39527011566253,68.59950688017906,70.19103335114599,61.641657898119234,60.845994724295004,62.437321071943465
Powys,W06000023,66.60100504678712,65.80505524602724,67.39695484754701,14.179945099321454,13.38434022485503,14.975549973787878,20.642998175847197,19.847216894907667,21.438779456786726,0.19608840618866985,-0.5992343660539972,0.9914111784313369,0.9290430796354485,0.1332798701586858,1.7248062891122111,0.62815964735384,-0.16760713415449724,1.4239264288621771,85.58546186017394,84.78980074157992,86.38112297876795,83.47070722107847,82.67494400183094,84.266470440326
Reading,E06000038,46.461001269828216,45.66523731830131,47.256765221355124,16.005037004231603,15.209343710486204,16.800730297977005,37.232999046001396,36.4372348112768,38.02876328072599,0.850011191083226,0.05425284653969409,1.6457695356267579,6.859696566568346,6.063932660097472,7.655460473039219,7.988903814112689,7.193040296489603,8.784767331735775,60.47087286380031,59.675109404663495,61.266636322937124,54.74361565645165,53.947839358235065,55.53939195466824
Redbridge,E09000026,51.29500086821986,50.49923409382827,52.090767642611446,11.200054900678541,10.404450026212118,11.995659775144965,37.28099926218965,36.48523525799222,38.07676326638708,0.8960884061886709,0.10076563394600391,1.691411178431338,14.668362741205215,13.872336202124934,15.464389280285495,15.23086368372634,14.435099638049309,16.026627729403373,58.32319983296787,57.52743657738424,59.1189630885515,53.07973142493836,52.283967836500224,53.875495013376494
Redcar and Cleveland,E06000003,62.90500287164457,62.1092392042643,63.70076653902484,18.44101097199399,17.645252316054602,19.236769627933377,18.815998323073245,18.020163965055236,19.611832681091254,0.6769574272539423,-0.11871242251866754,1.472627277026552,1.2447095857479553,0.44894639922617297,2.0404727722697378,1.2644033636098015,0.4686430418070413,2.0601636854125616,82.31439113693733,81.51862789394943,83.11015437992523,78.50451824060275,77.70875470329773,79.30028177790777
Richmond upon Thames,E09000027,61.34700478956418,60.55093291337151,62.14307666575685,11.621010971993996,10.825252316054607,12.416769627933386,27.340998062293124,26.545227647913897,28.13676847667235,0.6360884061886711,-0.15923436605399588,1.4314111784313381,4.396067946794005,3.60029423804784,5.191841655540171,4.183010710770006,3.3872816466040514,4.978739774935961,69.38066648995753,68.58491674923258,70.17641623068249,66.64265324249723,65.84927718353443,67.43602930146004
Rochdale,E08000005,58.84800354402006,58.05224014021412,59.643766947826,18.798002456048494,18.002238478023344,19.593766434073643,22.87099889981198,22.07523491518958,23.66676288443438,0.37118181805664197,-0.4159456277735878,1.1583092638868717,8.04317066386399,7.247493639108161,8.838847688619818,5.917923305546118,5.122177673250774,6.7136689378414625,66.69406572250881,65.89830214224008,67.48982930277754,65.64514393076352,64.84940689538936,66.44088096613768
Rotherham,E08000018,62.21700356658977,61.421240171397514,63.01276696178202,19.914006665121633,19.11822926105132,20.709784069191947,18.216998457323598,17.421234546207252,19.012762368439944,0.5179539731271738,-0.2776995253137656,1.3136074715681132,2.6227426786986996,1.8269297506310944,3.4185556067663048,2.212413153322359,1.4166567418660772,3.008169564778641,78.91778267720031,78.12204476186122,79.7135205925394,76.99656957450836,76.20045375390855,77.79268539510817
Rutland,E06000017,71.46199035050391,70.6662296642788,72.25775103672902,10.603016938595005,9.807267403699043,11.398766473490966,17.772995210435766,16.9769233342431,18.569067086628433,1.6969830614049926,0.9012335265090311,2.492732596300954,0.46045792179614864,-0.33542510439850903,1.2563409479908063,0.7680909917764396,-0.027646513892320423,1.5638284974451997,87.16560784561159,86.37001574496273,87.96119994626045,85.59006428626515,84.79429040449816,86.38583816803214
Salford,E08000006,43.937001662047464,43.14115592301379,44.73284740108114,22.321001642200486,21.525237747224207,23.116765537176764,34.04499930434986,33.2492352970346,34.840763311665114,0.6229231444317662,-0.17251634658808224,1.4183626354516146,4.394262049311351,3.598496010448141,5.190028088174561,5.041586439379429,4.245829313938642,5.837343564820217,64.6789257922498,63.88316211510308,65.47468946939651,59.40886317253012,58.61309336657947,60.20463297848077
Sandwell,E08000028,50.91500177786975,50.11921131285877,51.71079224288072,25.715005894209753,24.91919906281262,26.510812725606886,23.748999019270286,22.953234904841793,24.54476313369878,0.3900549006785461,-0.40554997378787727,1.1856597751449693,7.76219535636271,6.966437890070744,8.557952822654675,8.01081939380532,7.215055256901749,8.806583530708892,62.31970736747007,61.52394344301417,63.11547129192598,58.6004269731601,57.80466252822814,59.39619141809205
Sefton,E08000014,63.1280014432798,62.33223751695379,63.92376536960581,14.356088406188672,13.560765633946005,15.151411178431339,22.61499884537068,21.81923487468799,23.410762816053367,0.8069574272539413,0.011287577481331468,1.602627277026551,1.4090230305821478,0.6132594608316746,2.2047866003326213,1.5964016301964534,0.8006382673928396,2.3921649930000672,80.80175747644509,80.0062777638985,81.59723718899168,76.44550999862244,75.64963666657748,77.2413833306674
Sheffield,E08000019,58.23510366920085,57.43997341471246,59.030233923689245,20.589002556972787,19.793238693565726,21.384766420379847,21.57299823333335,20.777204832121747,22.368791634544955,0.2851036692008506,-0.5100265852875443,1.0802339236892455,3.2401351221884624,2.444315879002978,4.035954365373947,2.970993076404312,2.1751952214277113,3.766790931380913,70.37946304018801,69.58382760479608,71.17509847557994,68.88465071274389,68.08891033490687,69.68039109058091
Shropshire,E06000051,68.13401036330946,67.33825081778916,68.92976990882975,12.624012714161708,11.828256515450843,13.419768912872573,19.69199774200314,18.896233268260207,20.48776221574607,1.01997213934321,0.2242478833967897,1.8156963952896303,1.8655514317485995,1.0695523517459746,2.6615505117512246,1.3177870705599872,0.5220288385150212,2.1135453026049533,80.76841090356828,79.9726475681715,81.56417423896507,81.32941657983685,80.53365316459762,82.12517999507607
Slough,E06000039,44.62500131763261,43.8292373730367,45.42076526222852,18.626005283852948,17.83012144324106,19.421889124464833,36.44199912225622,35.64623305191741,37.23776519259503,0.856021474919757,0.06028094254699057,1.6517620072925234,18.296725167177215,17.50096207262365,19.09248826173078,18.64637258497021,17.85058158329477,19.44216358664565,43.9798675558568,43.1841036576808,44.7756314540328,40.39196953120063,39.596205623460975,41.187733438940285
Solihull,E08000029,70.78200345652692,69.98624001953533,71.57776689351851,13.200006221221798,12.404216368213923,13.995796074229673,15.522998114466645,14.727224093706768,16.318772135226524,0.9519690798237548,0.1562541638130417,1.7476839958344679,2.561612215539668,1.765760631427972,3.3574637996513643,2.6230871002510803,1.8419406567786354,3.4042335437235254,77.19160738560066,76.39584390897772,77.9873708622236,75.30229253809308,74.50653159640824,76.09805347977793
South Gloucestershire,E06000025,70.09500219601864,69.29923739074128,70.890767001296,11.599993778778185,10.80420392577031,12.39578363178606,17.683997407516927,16.88823357498365,18.479761240050202,1.5619903505039048,0.7662296642787899,2.3577510367290198,1.9120925445044463,1.1163292386568648,2.707855850352028,2.0465027623441188,1.2507874518080868,2.8422180728801507,77.95425642893287,77.15849296213665,78.75001989572908,75.41471987297587,74.61892629859474,76.21051344735699
South Tyneside,E08000023,56.19601216244462,55.40025518278622,56.99176914210302,27.808002828139365,27.012239140290863,28.603766515987868,16.06399822774972,15.268206331372015,16.85979012412743,0.5348963307991497,-0.26023392368924525,1.3300265852875446,1.2349944197399054,0.43923061457277657,2.0307582249070344,0.6764114044863163,-0.11935183547256978,1.4721746444452024,77.04091574461802,76.24515242012058,77.83667906911546,74.9566672960068,74.16089827251439,75.75243631949921
Southampton,E06000045,45.940002799860906,45.14423909804442,46.73576650167739,20.66700408715576,19.871240900162814,21.462767274148707,33.06899870071004,32.2732347534713,33.86476264794878,1.0488181819433584,0.26169073611312865,1.8359456277735882,6.20984626229756,5.414082336588252,7.005610188006869,5.796972275696835,5.003722312187484,6.590222239206187,58.93412276742076,58.13836460297687,59.72988093186465,55.10303207365567,54.30727355008318,55.89879059722816
Southend-on-Sea,E06000033,57.817001447009034,57.021237521238824,58.61276537277924,11.51,10.729394661115615,12.290605338884385,30.540998752796327,29.745234797904157,31.336762707688496,0.8469757438970404,0.0512417721410805,1.6427097156530004,4.237824966336802,3.442056848575234,5.033593084098371,3.740534305792906,2.9447750583027785,4.536293553283033,67.1706461530245,66.37487730605292,67.96641499999609,62.87774517561421,62.08210146483848,63.67338888638994
Southwark,E09000028,28.428011656579557,27.632253967016467,29.223769346142646,36.15800140701742,35.362237475338965,36.95376533869588,33.1789988822444,32.38323490288208,33.97476286160672,2.7809856598666443,1.9852318580932455,3.576739461640043,6.208041551198676,5.412277530612868,7.003805571784484,9.38712912508845,8.591340795447875,10.182917454729024,46.7908858236633,45.99512185090987,47.58664979641674,39.894512701288264,39.0987601290398,40.690265273536724
St. Helens,E08000013,61.52300184821672,60.72722392908436,62.318779767349085,18.975006586782143,18.17922755035552,19.770785623208766,19.5769988641066,18.781234889323112,20.372762838890086,0.9589734537549504,0.16324549472990268,1.754701412779998,1.790195565319351,0.9939936455176344,2.5863974851210676,1.880254207220105,1.0844958519782526,2.676012562461957,81.97532263487341,81.17955121534155,82.77109405440527,77.28867252872922,76.49290941196637,78.08443564549208
Stockport,E08000007,69.15400261670965,68.35823880326892,69.94976643015038,13.00301693859501,12.20726740369905,13.798766473490971,17.059998133312206,16.26422231580188,17.85577395082253,1.4939844684021182,0.6982325488824888,2.2897363879217476,3.158214111000291,2.3624312086389265,3.953997013361655,2.3271888783742725,1.5314407313879908,3.122937025360554,74.84428439859857,74.04851926761245,75.6400495295847,73.99782131784988,73.2020909422991,74.79355169340067
Stockton-on-Tees,E06000004,64.05400239307829,63.25823831184614,64.84976647431044,15.51900629104361,14.723219011169087,16.314793570918134,20.415998541686463,19.62023461760759,21.211762465765336,0.5859604042852133,-0.20972242086226878,1.3816432294326955,1.4897274902669437,0.6939640727668198,2.2854909077670675,1.1335026276353517,0.33768632134721954,1.9293189339234837,83.07170555429713,82.2759420808415,83.86746902775275,80.93501307834333,80.13924499778186,81.7307811589048
Stoke-on-Trent,E06000021,54.338002089507995,53.54223621128844,55.13376796772755,20.522002916509052,19.72623926918929,21.317766563828815,25.635999057243225,24.840234738942073,26.431763375544378,0.352185425069524,-0.44005769949684337,1.1444285496358915,2.772249750808271,1.9764862096154596,3.5680132920010825,4.2770158391518045,3.4816564296716286,5.07237524863198,77.93928288090768,77.14351926463418,78.73504649718119,67.64027270560555,66.84451782915119,68.43602758205992
Sunderland,E08000024,56.62500339369035,55.8292399330135,57.4207668543672,26.271013642323695,25.475258790552616,27.066768494094774,17.203997894783697,16.408232235030017,17.999763554537378,0.49894991950344547,-0.2966825707180851,1.294582409724976,1.4617937152799527,0.6660298156968073,2.257557614863098,1.2428827510859435,0.4468599884423108,2.038905513729576,79.92666874340875,79.13088402185592,80.72245346496159,75.92387977851956,75.1281158784297,76.71964367860943
Sutton,E09000029,61.20700156860289,60.411237661599614,62.00276547560617,13.774012714161714,12.978256515450848,14.56976891287258,24.183998715609846,23.3882347662118,24.979762665007893,1.3499813747208975,0.5542349469181106,2.1457278025236843,8.91653130061141,8.120739805833217,9.712322795389603,8.929704633862002,8.133940987023971,9.725468280700033,61.158722758127396,60.36295886273618,61.954486653518615,56.25670608925168,55.460938874346105,57.05247330415725
Swansea,W06000011,60.73300323677819,59.93723971702342,61.52876675653296,19.00105008049655,18.20541759027502,19.796682570718083,20.952998287269452,20.157184932889486,21.748811641649418,0.3,-0.48060533888438467,1.0806053388843846,0.9896543333036334,0.19388695912864973,1.785421707478617,1.4643874633354699,0.6686006451528036,2.260174281518136,80.43946601458504,79.64370237068306,81.23522965848701,74.6811727041125,73.8852339533452,75.47711145487979
Swindon,E06000030,62.01500302685065,61.21923942569973,62.810766628001566,14.969008112656127,14.173243677606553,15.7647725477057,22.271998292479566,21.4761823527346,23.06781423222453,1.2321854250695239,0.4399423005031565,2.0244285496358914,4.48449471308453,3.688731621759569,5.280257804409491,5.148455785327968,4.352646041849375,5.944265528806562,68.98673737557556,68.19096081169276,69.78251393945835,67.33002162382411,66.53425801351122,68.125785234137
Tameside,E08000008,58.13700188553332,57.341227864773444,58.9327759062932,20.969019264531624,20.173274087694406,21.764764441368843,21.40999869768848,20.61423475088598,22.205762644490978,0.3111818180566419,-0.47594562777358784,1.0983092638868717,6.7727921886201585,5.977041673628173,7.568542703612144,4.296378481138852,3.500658581913701,5.092098380364003,63.54340381019824,62.74763982859998,64.3391677917965,66.82241761464341,66.0266711937416,67.61816403554522
Telford and Wrekin,E06000020,56.59300150131901,55.797237583770055,57.38876541886796,16.52600337324941,15.730239904883067,17.32176684161575,26.74099909531742,25.945234167068424,27.536764023566416,1.066983061404997,0.27123352650903565,1.8627325963009587,2.003016515551394,1.207253034624395,2.7987799964783933,1.7306482873118512,0.9348606333322943,2.526435941291408,77.06759056381424,76.27176948082075,77.86341164680772,76.13106411761056,75.335263168374,76.92686506684713
Thurrock,E06000034,60.70900193770683,59.9132315233276,61.50477235208606,16.987007270483872,16.191237952592633,17.78277658837511,22.068998669848725,21.273234727052117,22.864762612645332,0.8409706887574515,0.04525073485136566,1.6366906426635373,9.180371012002162,8.384738622345873,9.976003401658451,8.068149558707773,7.272386341057531,8.863912776358015,58.025997992677276,57.230234001753196,58.821761983601355,57.00001795045705,56.20425402800602,57.79578187290808
Torbay,E06000027,61.60400204375958,60.808235346083904,62.39976874143525,8.487974650228928,7.692243480565479,9.283705819892376,29.688998357799505,28.893234462823226,30.484762252775784,1.0348963307991497,0.23976607631075464,1.8300265852875448,3.136616106871884,2.3408519526976503,3.9323802610461174,2.2558061735782644,1.460098824809308,3.0515135223472205,72.4679022080322,71.67214644824237,73.26365796782203,69.46200520792218,68.6663936227712,70.25761679307315
Torfaen,W06000020,62.74400304329896,61.94823944875184,63.53976663784608,23.94296728531596,23.147258321343028,24.73867624928889,13.47399781255865,12.678232948956586,14.269762676160715,0.5768475774321473,-0.2172062203997024,1.3709013752639971,1.9525999870020314,1.1568368280887609,2.748363145915302,1.5191654705734834,0.7233878702336173,2.3149430709133494,80.86811067143427,80.07233414087857,81.66388720198997,75.96381744557871,75.16767752078465,76.75995737037277
Tower Hamlets,E09000030,22.122005001956495,21.32603856824335,22.91797143566964,32.504001497304785,31.70823757913966,33.29976541546991,43.2089990017887,42.41323493128286,44.00476307229454,2.8439785250802387,2.048237992707472,3.6397190574530054,11.772202895094324,10.976438874122724,12.567966916065924,15.394757142615987,14.598997932266997,16.190516352964977,35.75737542953323,34.96161153226948,36.55313932679697,30.35518819493376,29.55942487883131,31.150951511036208
Trafford,E08000009,68.69001862527907,67.89427219747628,69.48576505308185,13.711003971231776,12.915240736033878,14.506767206429673,17.67799786264709,16.882232574137007,18.473763151157172,0.7519321249977331,-0.04358330875512262,1.547447558750589,2.8169436415450377,2.021180349808218,3.6127069332818573,2.568123940851308,1.772372450309736,3.36387543139288,77.28754764433515,76.49177429828151,78.08332099038878,73.10946102183858,72.3137056354246,73.90521640825257
Vale of Glamorgan,W06000014,71.52701511306839,70.73126251870272,72.32276770743405,12.525983557850381,11.730233160635345,13.321733955065417,16.556994562711935,15.761139200000832,17.352849925423037,0.23,-0.5506053388843847,1.0106053388843848,0.343947278424821,-0.45181637748005266,1.1397109343296945,1.1516506111587859,0.3558919144891839,1.9474093078283878,84.80330056313386,84.00692424197287,85.59967688429485,78.78092172287896,77.98516883965127,79.57667460610665
Wakefield,E08000036,61.709005656463745,60.91317868446926,62.50483262845823,19.961002931777045,19.16523929108419,20.7567665724699,17.964998376838935,17.16923447870078,18.76076227497709,1.0679825341079763,0.27223394081085517,1.8637311274050974,2.7950940771123385,1.9992241485008364,3.5909640057238406,2.1939709419690843,1.3982302237826965,2.9897116601554723,77.3099428732982,76.51418616532776,78.10569958126864,76.51172274664839,75.71588181081745,77.30756368247933
Walsall,E08000030,56.57600183010959,55.78022145566516,57.371782204554016,23.320013982538555,22.52425963822797,24.11576832684914,20.551998803429683,19.756234840509183,21.347762766350183,0.44608840618866985,-0.34923436605399716,1.2414111784313369,5.60347966714275,4.807721401333361,6.399237932952139,5.285034676599629,4.489414498891379,6.0806548543078796,69.02023330344457,68.22442419635111,69.81604241053803,65.41293818492022,64.61717445762602,66.20870191221442
Waltham Forest,E09000031,48.04900565646375,47.25317868446926,48.844832628458235,20.949009486139715,20.153248512242257,21.744770460037174,29.472997005518323,28.677233391192036,30.26876061984461,2.189990671780265,1.394229405840339,2.985751937720191,12.476965808601108,11.681201728840808,13.272729888361408,11.693871836377241,10.898108173567358,12.489635499187123,55.394662199152094,54.59889729407741,56.19042710422678,50.89970819899429,50.10394444069967,51.69547195728891
Wandsworth,E09000032,39.69600183010948,38.900221455665054,40.49178220455391,18.420005600014377,17.624172407134783,19.215838792893972,40.4189987852609,39.62323482533208,41.21476274518972,2.1629848869315964,1.367232292565931,2.9587374812972618,6.668018524774197,5.87225452481568,7.463782524732715,6.409053444608645,5.612745665551035,7.205361223666255,54.48021151042826,53.684435828848606,55.27598719200792,50.22103461698504,49.425274391001686,51.01679484296839
Warrington,E06000007,66.09700195120581,65.30123222251267,66.89277167989896,14.97501597392953,14.179264784489526,15.770767163369534,18.80099859650886,18.005234664314557,19.596762528703167,0.7688181819433582,-0.018309263886871596,1.555945627773588,1.6480064981604983,0.8522431725802684,2.443769823740728,1.988167591745956,1.1924361625832502,2.783899020908662,79.50697923621263,78.7112621640322,80.30269630839305,75.68212782123871,74.88638334068912,76.4778723017883
West Berkshire,E06000037,65.6610026539106,64.86523886724062,66.45676644058058,14.067953973127176,13.272300474686237,14.863607471568116,20.236998367374667,19.44123447080378,21.032762263945553,1.5089734537549546,0.713245494729907,2.3047014127800023,3.1421824473671904,2.3463700091247017,3.937994885609679,2.329682441370667,1.53508461644316,3.1242802662981743,74.1913982915371,73.39561881489131,74.98717776818289,74.38889472415659,73.59306706916445,75.18472237914872
Westminster,E09000033,24.545001777869743,23.74921131285877,25.340792242880717,30.457997686024896,29.6622334142103,31.253761957839494,46.594998465776484,45.79923455333274,47.39076237822023,0.6310500804965535,-0.16458240972497706,1.4266825707180841,12.055189452459445,11.259425429524292,12.850953475394597,9.663849660058588,8.868087057197307,10.459612262919869,44.665052338494434,43.8692883986486,45.46081627834027,39.487060331813694,38.69125369360684,40.28286697002055
Wigan,E08000010,65.02000373300166,64.22424040220773,65.81576706379559,15.272002916509052,14.47623926918929,16.067766563828815,19.752998688538923,18.95723474305506,20.548762634022786,0.6579746502289296,-0.13775651943451872,1.453705819892378,2.7510234035481176,1.955237082459577,3.546809724636658,2.1115996222601225,1.3158530258070984,2.9073462187131467,79.98568876891568,79.18992757680869,80.78144996102267,76.82256136302368,76.02679790849385,77.61832481755351
Wiltshire,E06000054,66.24600848105507,65.45024526074086,67.04177170136929,14.340027860656782,13.544303604710363,15.135752116603202,19.17299715750613,18.377233476537295,19.968760838474967,1.566986990794149,0.7712312149607874,2.3627427666275107,1.511180731960394,0.7154173192655617,2.306944144655226,1.3530022112479259,0.5572436234503344,2.148760799045517,79.3946526066735,78.59888948516368,80.19041572818332,79.09745573474186,78.3016919019326,79.89321956755111
Windsor and Maidenhead,E06000040,64.48500302685062,63.689239425699704,65.28076662800154,11.912007774926963,11.11624185539476,12.707773694459165,24.59599873875152,23.800234785958253,25.391762691544784,0.6668475774321472,-0.12720622039970253,1.460901375263997,3.3329299308925897,2.5371663876535253,4.128693474131654,3.207986900573701,2.4122576209760718,4.00371618017133,74.66457175540438,73.86880857279056,75.4603349380182,72.47240288965021,71.67664478278184,73.26816099651859
Wirral,E08000015,62.78600227635286,61.99023787694348,63.58176667576224,15.606975743897042,14.811241772141083,16.402709715653003,21.67299817584717,20.877216894907637,22.468779456786702,0.7189499195034479,-0.07668257071808271,1.5145824097249785,0.978609068954313,0.1828456957573863,1.7743724421512397,1.1050248854596418,0.30926365380776966,1.900786117111514,83.2512522921607,82.45549057126962,84.04701401305178,77.73925411442787,76.94349374861204,78.53501448024369
Wokingham,E06000041,72.73800152171668,71.94223760732095,73.53376543611242,8.330991887343885,7.53522745229431,9.126756322393458,16.785998095235072,15.990225608817306,17.581770581652837,2.896993979216404,2.101194858037689,3.6927931003951193,2.8263465333618,2.0305887673965364,3.622104299327064,2.031029989199382,1.235836801855888,2.826223176542876,77.98621305566985,77.19037723894958,78.78204887239012,77.78042831685684,76.98466496268021,78.57619167103347
Wolverhampton,E08000031,53.540003499726765,52.74424007908354,54.33576692036999,22.625001964894523,21.82923285196845,23.420771077820596,24.303999044373313,23.508234819715202,25.099763269031424,0.4288181819433583,-0.35830926388687145,1.215945627773588,4.702242011852093,3.90647845125052,5.498005572453666,5.663393040868446,4.867767174295782,6.459018907441109,67.87761609112272,67.08185257680614,68.6733796054393,62.02785585492455,61.23209277871432,62.82361893113479
Wrexham,W06000006,61.58600528385293,60.79012144324104,62.38188912446481,19.695003861701707,18.899240582000317,20.490767141403097,19.38499858229659,18.5892346521861,20.180762512407078,0.25608840618867035,-0.5392343660539967,1.0514111784313374,2.856528307132976,2.0606879686329904,3.6523686456329614,1.6598691405640693,0.8640720172453431,2.4556662638827955,76.30175474389307,75.50599145079752,77.09751803698862,74.37690041609838,73.58113623223474,75.17266459996202
York,E06000014,64.20000560001438,63.40417240713478,64.99583879289398,13.92315242256785,13.129098624735999,14.7172062203997,21.843997281680345,21.04823353567243,22.63976102768826,0.9119321249977332,0.11641669124487763,1.7074475587505888,1.9697041863986442,1.1739380800811055,2.765470292716183,0.35237193782182885,-0.44339153263899067,1.1481354082826485,74.49160833562632,73.69585241965794,75.28736425159471,75.54526419677163,74.74950092267626,76.34102747086699
