date,geography,geography code,Owned: Owns outright,Owned: Owns with a mortgage or loan,Shared ownership: Shared ownership,Social rented: Rents from council or Local Authority,Social rented: Other social rented,Private rented: Private landlord or letting agency,Private rented: Other private rented,Lives rent free,Occupancy rating of rooms: +2 or more,Occupancy rating of rooms: +1,Occupancy rating of rooms: 0,Occupancy rating of rooms: -1,Occupancy rating of rooms: -2 or less,Occupancy rating of rooms: +2 or more_bedrooms,Occupancy rating of rooms: +1_bedrooms,Occupancy rating of rooms: 0_bedrooms,Occupancy rating of rooms: -1_bedrooms,Occupancy rating of rooms: -2 or less_bedrooms,Occupancy rating of bedrooms: +2 or more,Occupancy rating of bedrooms: +1,Occupancy rating of bedrooms: 0,Occupancy rating of bedrooms: -1,Occupancy rating of bedrooms: -2 or less,Total (Rooms),Total (Bedrooms),% Overcrowded (Rooms),% Overcrowded (Bedrooms),% Under-occupied (Rooms),% Under-occupied (Bedrooms),Total Households,Owned,Shared Ownership,Social Rent,Private Rent,Other
2011,Barking and Dagenham,E09000002,11908,20416,906,19782,3677,11559,769,664,17238,17278,21130,9593,4442,17238,17278,21130,9593,4442,11661,20601,28024,7794,1601,69681,69681,20.141789009916614,13.482871945006533,49.53430633888721,46.29956516123477,69681,46.39,1.3,33.67,17.69,0.95
2011,Barnet,E09000003,38105,40245,1191,11664,7670,33175,1679,2187,52218,28485,30724,15761,8728,52218,28485,30724,15761,8728,37823,39766,44691,11291,2345,135916,135916,18.01774625503988,10.032667235645546,59.3771152770829,57.085994290591245,135916,57.65,0.88,14.22,25.64,1.61
2011,Barnsley,E08000016,30778,34029,445,17831,3201,11812,1044,1594,50710,29165,16539,3505,815,50710,29165,16539,3505,815,35458,40924,21972,2171,209,100734,100734,4.288522246709155,2.3626580896221734,79.29298945738282,75.82544126114321,100734,64.33,0.44,20.88,12.76,1.58
2011,Bath and North East Somerset,E06000022,25827,23241,368,2528,8086,11408,1039,1018,40661,14810,12972,4048,1024,40661,14810,12972,4048,1024,28856,23735,18809,1938,177,73515,73515,6.899272257362443,2.8769638849214445,75.45534924845269,71.53778140515541,73515,66.75,0.5,14.44,16.93,1.38
2011,Bedford,E06000055,20018,21919,665,1155,9097,9310,800,848,34918,12515,11494,3561,1324,34918,12515,11494,3561,1324,25013,19788,16381,2200,430,63812,63812,7.655299943584279,4.12148185294302,74.3324139660252,70.2077979063499,63812,65.72,1.04,16.07,15.84,1.33
2011,Bexley,E09000004,30127,37027,754,1693,11684,9721,835,763,43294,23096,18726,5681,1807,43294,23096,18726,5681,1807,28928,33027,26282,3763,604,92604,92604,8.086043799403914,4.715779016025225,71.69236750032397,66.90315753099219,92604,72.52,0.81,14.45,11.4,0.82
2011,Birmingham,E08000025,106416,120200,3940,63458,36134,68647,4758,7183,172148,96442,91216,35670,15260,172148,96442,91216,35670,15260,114917,129362,130011,29252,7194,410736,410736,12.399692259748354,8.87333956604729,65.39236882084842,59.47348174983445,410736,55.17,0.96,24.25,17.87,1.75
2011,Blackburn with Darwen,E06000008,18039,18754,290,3228,7163,8113,880,886,27792,15395,10222,2966,978,27792,15395,10222,2966,978,15243,22427,16138,2914,631,57353,57353,6.876710895681133,6.181019301518665,75.30033302529947,65.68095827594023,57353,64.15,0.51,18.12,15.68,1.54
2011,Blackpool,E06000009,19318,20332,239,4823,2176,15549,1221,709,31247,15908,12622,3597,993,31247,15908,12622,3597,993,19889,23113,19474,1712,179,64367,64367,7.130983267823574,2.937840819053241,73.25958954122454,66.8075255954138,64367,61.6,0.37,10.87,26.05,1.1
2011,Blaenau Gwent,W06000019,10019,8865,40,3364,3920,3480,412,316,14584,8858,5369,1277,328,14584,8858,5369,1277,328,9915,12251,7233,926,91,30416,30416,5.27682798527091,3.343634928984745,77.07127827459233,72.87611783271963,30416,62.09,0.13,23.95,12.8,1.04
2011,Bolton,E08000001,35378,38792,605,16575,7250,14555,1375,1841,53760,31112,23457,6268,1774,53760,31112,23457,6268,1774,34061,44327,32614,4597,772,116371,116371,6.910656435022471,4.613692414776877,72.93225975543736,67.36042484811507,116371,63.74,0.52,20.47,13.69,1.58
2011,Bracknell Forest,E06000036,11420,19999,527,2600,5078,4874,860,520,24794,10017,8235,2159,673,24794,10017,8235,2159,673,17630,15337,11579,1191,141,45878,45878,6.172893325777061,2.9033523693273464,75.87732682331401,71.85797114085183,45878,68.48,1.15,16.74,12.5,1.13
2011,Bradford,E08000032,58487,71063,1165,11729,17784,33135,2935,2998,88103,51400,40364,14073,5356,88103,51400,40364,14073,5356,60547,70947,55430,9930,2442,199296,199296,9.748815831727685,6.207851637764933,69.99789258188824,65.97924694926141,199296,65.0,0.58,14.81,18.1,1.5
2011,Brent,E09000005,22416,24908,1636,10686,15905,31784,1397,1554,27197,20334,30067,18832,13856,27197,20334,30067,18832,13856,19245,26061,45462,14867,4651,110286,110286,29.639301452586903,17.697622545019314,43.09794534211051,41.08046352211523,110286,42.91,1.48,24.11,30.09,1.41
2011,Bridgend,W06000013,20459,21889,143,2332,5767,6310,878,737,35291,13198,7868,1740,418,35291,13198,7868,1740,418,24430,21061,11623,1257,144,58515,58515,3.687943262411348,2.3942578825942067,82.86593181235581,77.74245919849612,58515,72.37,0.24,13.84,12.28,1.26
2011,Brighton and Hove,E06000043,28397,36393,1045,11928,6259,34081,1878,1559,38265,28289,34231,15149,5606,38265,28289,34231,15149,5606,26223,37656,50100,6906,655,121540,121540,17.07668257363831,6.220997202567056,54.75892710218858,52.55800559486589,121540,53.31,0.86,14.96,29.59,1.28
2011,Bromley,E09000006,43649,49136,1036,1987,16438,16229,1164,1223,66575,28494,25337,7995,2461,66575,28494,25337,7995,2461,46728,43322,35591,4646,575,130862,130862,7.990096437468479,3.989699072305176,72.64828598065137,68.81294799101343,130862,70.9,0.79,14.08,13.29,0.93
2011,Buckinghamshire,E10000002,68784,76068,1946,9043,16428,22688,3187,2583,118994,38508,30672,9649,2904,118994,38508,30672,9649,2904,86345,62916,44189,6287,990,200727,200727,6.253767554937801,3.6253219546946847,78.46577690096498,74.3602006705625,200727,72.16,0.97,12.69,12.89,1.29
2011,Bury,E08000002,24839,29556,247,7314,4389,9859,915,994,40576,19413,13964,3360,800,40576,19413,13964,3360,800,26474,29380,19533,2392,334,78113,78113,5.325618014927093,3.48981603574309,76.79771612919744,71.50410303022544,78113,69.64,0.32,14.98,13.79,1.27
2011,Caerphilly,W06000018,24188,27444,216,10464,3498,7178,817,674,40952,19044,11225,2686,572,40952,19044,11225,2686,572,28557,27812,15861,2033,216,74479,74479,4.374387411216585,3.019643120879711,80.5542501913291,75.6844211119913,74479,69.32,0.29,18.75,10.73,0.9
2011,Calderdale,E08000033,27671,31310,397,4753,8741,13114,1431,1204,40589,23988,18246,4737,1061,40589,23988,18246,4737,1061,27273,34244,24194,2510,400,88621,88621,6.5424673610092405,3.2836460883989123,72.86873314451428,69.41582694846595,88621,66.55,0.45,15.23,16.41,1.36
2011,Camden,E09000007,16644,14724,674,22473,9822,29706,1728,1763,17914,17669,30258,20452,11241,17914,17669,30258,20452,11241,12965,24078,49096,9474,1921,97534,97534,32.49430967662559,11.683105378637194,36.48266245616913,37.97957635286157,97534,32.16,0.69,33.11,32.23,1.81
2011,Cardiff,W06000015,37788,46474,639,13547,10827,28972,2248,2062,68989,30647,28029,11500,3392,68989,30647,28029,11500,3392,47911,47479,40844,5503,820,142557,142557,10.446347776678802,4.435418814930168,69.89204318272691,66.91358544301578,142557,59.11,0.45,17.1,21.9,1.45
2011,Carmarthenshire,W06000010,32648,23678,178,8833,2839,8196,1105,1352,51399,15930,8791,2148,561,51399,15930,8791,2148,561,35235,27582,14132,1673,207,78829,78829,3.4365525377716324,2.3849091070545105,85.4114602494006,79.68767839246978,78829,71.45,0.23,14.81,11.8,1.72
2011,Central Bedfordshire,E06000056,33039,42704,874,5464,8517,10973,1639,1189,60100,23147,16362,3952,838,60100,23147,16362,3952,838,42282,36477,22972,2389,279,104399,104399,4.588166553319476,2.5555800342915163,79.73926953323308,75.44037778139638,104399,72.55,0.84,13.39,12.08,1.14
2011,Ceredigion,W06000008,13821,7502,110,1008,2188,5653,622,658,19830,5891,4043,1409,389,19830,5891,4043,1409,389,14182,10361,6174,737,108,31562,31562,5.69672390849756,2.6772701349724355,81.49356821494202,77.76123186109879,31562,67.56,0.35,10.13,19.88,2.08
2011,Cheshire East,E06000049,59846,58920,779,4285,13856,18244,1694,1817,100148,33030,20582,4607,1074,100148,33030,20582,4607,1074,69362,56720,30116,2897,346,159441,159441,3.5630734879986954,2.033981221893992,83.52807621628064,79.07752711034176,159441,74.49,0.49,11.38,12.5,1.14
2011,Cheshire West and Chester,E06000050,49129,50976,1088,10482,10326,16021,1713,1707,86280,30418,18862,4670,1212,86280,30418,18862,4670,1212,60781,49773,27662,2893,333,141442,141442,4.158595042490916,2.2807935408153166,82.5059034798716,78.1620735000919,141442,70.77,0.77,14.71,12.54,1.21
2011,City of London,E09000001,1093,762,13,458,267,1451,122,219,512,832,1524,1023,494,512,832,1524,1023,494,359,1042,2726,221,37,4385,4385,34.59521094640821,5.88369441277081,30.64994298745724,31.94982896237172,4385,42.3,0.3,16.53,35.87,4.99
2011,Conwy,W06000003,20409,15092,378,2592,3354,7729,805,818,29140,12178,7655,1795,409,29140,12178,7655,1795,409,18759,19576,11514,1207,121,51177,51177,4.306622115403404,2.5949156847802723,80.73548664439103,74.90669636750884,51177,69.37,0.74,11.62,16.68,1.6
2011,Cornwall,E06000052,92113,66411,1757,12833,14822,33938,4667,3848,129517,52356,35233,10642,2641,129517,52356,35233,10642,2641,89107,83625,51880,5163,614,230389,230389,5.765466233196897,2.50749818784751,78.94170294588717,74.97406560209038,230389,68.81,0.76,12.0,16.76,1.67
2011,County Durham,E06000047,69435,77912,488,28559,16445,25498,2644,2822,115670,64427,35589,6768,1349,115670,64427,35589,6768,1349,77389,92840,48450,4599,525,223803,223803,3.626850399681863,2.2895135453948336,80.47121799082228,76.06198308333668,223803,65.84,0.22,20.11,12.57,1.26
2011,Coventry,E08000026,37644,40236,750,6988,14926,24461,2042,1545,57945,33465,24994,8648,3540,57945,33465,24994,8648,3540,40626,45231,35848,5779,1108,128592,128592,9.478039069304469,5.355698643772552,71.0852930197835,66.7669839492348,128592,60.56,0.58,17.04,20.61,1.2
2011,Croydon,E09000008,34882,50348,1855,14362,11525,28762,1710,1566,56523,30150,34541,16272,7524,56523,30150,34541,16272,7524,38082,42195,50758,11962,2013,145010,145010,16.409902765326528,9.637266395421005,59.77036066478174,55.35963037031929,145010,58.78,1.28,17.85,21.01,1.08
2011,Darlington,E06000005,13810,16479,178,5238,1990,7758,755,462,25099,11849,7598,1719,405,25099,11849,7598,1719,405,15682,18270,11450,1149,119,46670,46670,4.551103492607671,2.7169487893721875,79.16863081208486,72.74908935076067,46670,64.9,0.38,15.49,18.24,0.99
2011,Denbighshire,W06000004,14937,12855,267,3283,2042,5798,648,716,23142,9724,5839,1523,318,23142,9724,5839,1523,318,14362,15845,9154,1052,133,40546,40546,4.540521876387313,2.9226064223351256,81.05855078182805,74.50056725694273,40546,68.54,0.66,13.13,15.9,1.77
2011,Derby,E06000015,30239,32526,864,12458,7792,15943,1250,1199,51871,24109,18838,5545,1908,51871,24109,18838,5545,1908,33257,36315,27581,4280,838,102271,102271,7.287500855570005,5.004351184597784,74.2928102785736,68.02710445776418,102271,61.37,0.84,19.8,16.81,1.17
2011,Doncaster,E08000017,39253,43507,418,19173,3230,17084,1690,2132,70344,31647,18758,4404,1334,70344,31647,18758,4404,1334,47959,47127,27337,3520,544,126487,126487,4.536434574304079,3.21297840884834,80.6335828978472,75.17452386411252,126487,65.43,0.33,17.71,14.84,1.69
2011,Dorset,E10000009,77407,52430,1206,2878,19390,20851,3206,2845,106449,39533,25961,6894,1376,106449,39533,25961,6894,1376,75257,63532,37544,3527,353,180213,180213,4.589014111079667,2.153007829623834,81.00525489282127,77.01386692413978,180213,72.05,0.67,12.36,13.35,1.58
2011,Dudley,E08000027,45383,43921,707,21874,3845,10938,1066,2133,69481,30824,22548,5659,1355,69481,30824,22548,5659,1355,46208,46714,32258,4110,577,129867,129867,5.400910161934903,3.609076978755188,77.23671140474485,71.55166439511193,129867,68.77,0.54,19.8,9.24,1.64
2011,Ealing,E09000009,28414,35006,2174,13007,9465,32696,1486,1834,37022,25164,32596,18298,11002,37022,25164,32596,18298,11002,26910,32978,46889,13470,3835,124082,124082,23.613416933963023,13.946422527038573,50.116858206669775,48.2648571106204,124082,51.11,1.75,18.11,27.55,1.48
2011,East Riding of Yorkshire,E06000011,56140,51566,433,10453,2575,17760,1888,2217,89530,32374,16661,3701,766,89530,32374,16661,3701,766,61378,53874,25055,2484,241,143032,143032,3.123077353319537,1.905168074277085,85.22848034006375,80.57777280608535,143032,75.3,0.3,9.11,13.74,1.55
2011,Enfield,E09000010,31452,38010,1087,13666,7407,25395,1196,1703,40738,26805,30417,14504,7452,40738,26805,30417,14504,7452,28994,34588,42875,11327,2132,119916,119916,18.309483304980155,11.223689916274726,56.32526101604457,53.02211548083658,119916,57.93,0.91,17.57,22.17,1.42
2011,Flintshire,W06000005,22397,24054,340,7209,2442,5914,815,610,39171,14081,8075,1979,475,39171,14081,8075,1979,475,25858,23257,12857,1636,173,63781,63781,3.847540803687618,2.8362678540631223,83.49194901302896,77.0056913500886,63781,72.83,0.53,15.13,10.55,0.96
2011,Gateshead,E08000037,23081,28834,363,19985,4956,10130,995,810,37762,27127,18777,4461,1027,37762,27127,18777,4461,1027,25218,37148,23685,2832,271,89154,89154,6.155640801310092,3.4804944253763157,72.7830495547031,69.9531148350046,89154,58.23,0.41,27.98,12.48,0.91
2011,Greenwich,E09000011,16585,27134,1580,22878,11784,18678,1326,1080,29409,23096,28990,13481,6069,29409,23096,28990,13481,6069,20799,30542,38693,8892,2119,101045,101045,19.347815329803552,10.89712504329754,51.96199712999159,50.8100351328616,101045,43.27,1.56,34.3,19.8,1.07
2011,Gwynedd,W06000002,21168,13156,171,4385,4176,6978,1082,1357,31506,11707,6770,1924,566,31506,11707,6770,1924,566,22360,18747,10008,1193,165,52473,52473,4.745297581613401,2.587997636879919,82.35282907399997,78.33933642063538,52473,65.41,0.33,16.32,15.36,2.59
2011,Hackney,E09000012,8597,15582,2374,24163,20267,28112,1337,1258,15452,18326,35205,21408,11299,15452,18326,35205,21408,11299,11344,23270,51569,12882,2625,101690,101690,32.16343789949848,15.24928704887403,33.21663880420887,34.03874520601829,101690,23.78,2.33,43.69,28.96,1.24
2011,Halton,E06000006,14436,19360,322,2502,10939,4752,460,541,27849,13199,9626,2199,439,27849,13199,9626,2199,439,19128,19560,13103,1379,142,53312,53312,4.948229291716687,2.853016206482593,76.99579831932773,72.56902761104442,53312,63.39,0.6,25.21,9.78,1.01
2011,Hammersmith and Fulham,E09000013,12777,14620,1257,12683,12450,24215,1340,1248,17086,15152,26113,14368,7871,17086,15152,26113,14368,7871,12893,19862,37971,8271,1593,80590,80590,27.595235140836333,12.239731976672044,40.00248169748108,40.64400049633949,80590,34.0,1.56,31.19,31.71,1.55
2011,Haringey,E09000014,16326,23277,1533,17288,9954,30924,1171,1482,24480,19201,29216,17631,11427,24480,19201,29216,17631,11427,17717,24122,43882,13169,3065,101955,101955,28.500809180520815,15.92271099995096,42.8434113089108,41.036731891520766,101955,38.84,1.5,26.72,31.48,1.45
2011,Harrow,E09000015,26246,28755,821,5157,3766,17165,1159,1199,35001,17714,17797,8833,4923,35001,17714,17797,8833,4923,24266,25470,25800,6927,1805,84268,84268,16.324108795746902,10.36217781364219,62.55636777899084,59.02121801870224,84268,65.27,0.97,10.59,21.74,1.42
2011,Hartlepool,E06000001,11090,13104,200,4016,5499,5525,446,554,20853,10637,7200,1411,333,20853,10637,7200,1411,333,14261,15525,9576,947,125,40434,40434,4.313201760894296,2.651234109907504,77.88000197853292,73.6657268635307,40434,59.84,0.49,23.53,14.77,1.37
2011,Havering,E09000016,34625,37073,586,10464,3335,9601,736,779,47300,23710,19023,5638,1528,47300,23710,19023,5638,1528,33455,33805,26038,3431,470,97199,97199,7.372503832343955,4.013415775882468,73.05630716365394,69.19824278027552,97199,73.76,0.6,14.2,10.63,0.8
2011,Hillingdon,E09000017,27921,35090,1280,10481,6271,16691,1450,1030,37361,23081,23881,10699,5192,37361,23081,23881,10699,5192,25044,31461,33958,7972,1779,100214,100214,15.8570658790189,9.730177420320514,60.312930329095735,56.38433751771209,100214,62.88,1.28,16.72,18.1,1.03
2011,Hounslow,E09000018,20048,27514,2245,14296,7386,21099,1107,1207,27274,20991,25933,13535,7169,27274,20991,25933,13535,7169,19236,27077,36616,9626,2347,94902,94902,21.81618933215317,12.616172472656004,50.85772691829467,48.800868264104025,94902,50.12,2.37,22.85,23.4,1.27
2011,Isle of Anglesey,W06000001,12444,8527,63,3899,588,3699,625,749,19451,6589,3526,823,205,19451,6589,3526,823,205,13537,10865,5517,602,73,30594,30594,3.36013597437406,2.206314963718376,85.11472837811336,79.7607373994901,30594,68.55,0.21,14.67,14.13,2.45
2011,Isle of Wight,E06000046,25091,17726,362,598,5925,9663,976,744,33186,14407,9956,2926,610,33186,14407,9956,2926,610,21286,23016,15229,1426,128,61085,61085,5.788655152656135,2.543996071048539,77.91274453630187,72.52516984529753,61085,70.09,0.59,10.68,17.42,1.22
2011,Isles of Scilly,E06000053,313,99,8,121,58,204,90,96,518,193,159,91,28,518,193,159,91,28,354,341,275,17,2,989,989,12.032355915065724,1.9211324570273005,71.89079878665319,70.27300303336703,989,41.66,0.81,18.1,29.73,9.71
2011,Islington,E09000019,10587,15977,1207,25014,14328,23954,1263,1226,14890,17710,33765,19590,7601,14890,17710,33765,19590,7601,11002,23138,49439,8584,1393,93556,93556,29.06387618111077,10.664201120184702,34.84544016417974,36.49151310445081,93556,28.39,1.29,42.05,26.95,1.31
2011,Kensington and Chelsea,E09000020,17933,10074,700,7201,12070,26676,1432,2450,17945,16158,23121,13576,7736,17945,16158,23121,13576,7736,11825,22555,37612,5649,895,78536,78536,27.13659977589895,8.332484465722725,43.42339818681879,43.77610267902618,78536,35.66,0.89,24.54,35.79,3.12
2011,Kingston upon Thames,E09000021,17727,23035,434,5252,2250,13391,921,629,27455,14200,13786,5934,2264,27455,14200,13786,5934,2264,18805,20981,20172,3216,465,63639,63639,12.882037744150598,5.784188940743883,65.45514542968934,62.51826710036299,63639,64.05,0.68,11.79,22.49,0.99
2011,Kirklees,E08000034,55569,60792,612,20886,5639,24523,2418,3086,80193,43384,35250,11283,3415,80193,43384,35250,11283,3415,55072,61907,48249,6941,1356,173525,173525,8.470249243624837,4.781443596023627,71.21567497478749,67.4133410171445,173525,67.06,0.35,15.29,15.53,1.78
2011,Knowsley,E08000011,16032,21864,314,7479,8854,5488,492,800,30515,15878,11288,2936,706,30515,15878,11288,2936,706,22071,21944,14780,2241,287,61323,61323,5.939044078078372,4.122433670890204,75.65350684082645,71.77567959819318,61323,61.8,0.51,26.63,9.75,1.3
2011,Lambeth,E09000022,14778,28107,1987,25496,20123,36023,2110,1393,26858,26850,41966,23130,11213,26858,26850,41966,23130,11213,20050,33355,59405,14446,2761,130017,130017,26.41423813808964,13.23442319081351,41.30844428036334,41.07539783259112,130017,32.98,1.53,35.09,29.33,1.07
2011,Leeds,E08000035,83385,103082,1442,54122,16255,53599,3857,4854,143241,82124,66032,22376,6823,143241,82124,66032,22376,6823,104816,116044,87902,10449,1385,320596,320596,9.10772436337322,3.6912500467878577,70.29563687631786,68.89044155260827,320596,58.16,0.45,21.95,17.92,1.51
2011,Leicester,E06000016,28018,33152,774,21048,10222,26207,1792,1912,47214,28404,28751,12850,5906,47214,28404,28751,12850,5906,30396,37782,42895,9758,2294,123125,123125,15.233299492385788,9.788426395939084,61.41563451776649,55.37299492385787,123125,49.68,0.63,25.4,22.74,1.55
2011,Lewisham,E09000023,17273,31955,1436,18084,17968,26665,1551,1159,30117,25610,34642,17394,8328,30117,25610,34642,17394,8328,20981,32468,48624,11704,2314,116091,116091,22.1567563377006,12.075010121370305,48.002859825481735,46.04060607626776,116091,42.4,1.24,31.05,24.31,1.0
2011,Liverpool,E08000012,43803,53144,1096,9868,47617,44912,3378,2697,90381,53298,42804,15130,4902,90381,53298,42804,15130,4902,63556,74964,59105,7726,1164,206515,206515,9.700021790184731,4.304772050456383,69.57315449240976,67.07503086942837,206515,46.94,0.53,27.84,23.38,1.31
2011,Luton,E06000032,18619,26077,288,7973,3742,15802,1014,778,28774,17623,16486,7264,4146,28774,17623,16486,7264,4146,19282,22550,24358,6242,1861,74293,74293,15.35810910852974,10.906814908537816,62.45137496130187,56.30678529605751,74293,60.16,0.39,15.77,22.63,1.05
2011,Manchester,E08000003,31145,46250,1481,27585,37097,55043,3127,3241,67111,51228,52957,25041,8632,67111,51228,52957,25041,8632,45509,70320,73241,13471,2428,204969,204969,16.428337943786623,7.756782732998649,57.73507213285911,56.51049670925848,204969,37.76,0.72,31.56,28.38,1.58
2011,Medway,E06000035,30697,41156,1114,4155,9841,16627,1526,1093,53908,25699,18764,5976,1862,53908,25699,18764,5976,1862,34840,38009,29184,3613,563,106209,106209,7.3797889067781455,3.9318701804931786,74.95315839523957,68.59023246617518,106209,67.65,1.05,13.18,17.09,1.03
2011,Merthyr Tydfil,W06000024,8277,7566,42,2379,2739,2500,309,452,12324,6331,4099,1186,324,12324,6331,4099,1186,324,8565,8867,5786,930,116,24264,24264,6.223211341905704,4.310913287174415,76.88344873062974,71.84305967688756,24264,65.29,0.17,21.09,11.58,1.86
2011,Merton,E09000024,20160,26529,671,2887,8215,18478,1025,792,29420,18222,18440,8940,3735,29420,18222,18440,8940,3735,21531,24276,25735,6036,1179,78757,78757,16.093807534568356,9.161090442754295,60.49240067549552,58.16244905214775,78757,59.28,0.85,14.1,24.76,1.01
2011,Middlesbrough,E06000002,15200,17523,336,6049,7605,8648,861,981,27223,14938,11043,3061,938,27223,14938,11043,3061,938,18686,20890,15031,2246,350,57203,57203,6.990892086079402,4.5382235197454674,73.704176354387,69.18518259531842,57203,57.21,0.59,23.87,16.62,1.71
2011,Milton Keynes,E06000042,21157,35756,5985,10801,6962,15930,1136,857,47900,21759,19492,7024,2409,47900,21759,19492,7024,2409,34896,32227,26557,4188,716,98584,98584,9.568489815791608,4.974438042684412,70.65953907327761,68.08711352755012,98584,57.73,6.07,18.02,17.31,0.87
2011,Monmouthshire,W06000021,15269,12873,141,1590,3698,3651,479,532,25498,6659,4714,1102,260,25498,6659,4714,1102,260,18834,11653,6975,674,97,38233,38233,3.562367588209139,2.016582533413543,84.10796955509639,79.74001517014098,38233,73.61,0.37,13.83,10.8,1.39
2011,Neath Port Talbot,W06000012,21976,19503,111,7496,4049,5404,782,1072,36428,13742,7947,1816,460,36428,13742,7947,1816,460,24503,21751,12588,1405,146,60393,60393,3.7686486844501847,2.568178431275148,83.07254151971254,76.58834633152848,60393,68.68,0.18,19.12,10.24,1.78
2011,Newcastle upon Tyne,E08000021,26258,31697,489,27340,7510,20462,1856,1541,47021,33133,26357,8259,2383,47021,33133,26357,8259,2383,33721,44512,33757,4495,668,117153,117153,9.083847618072094,4.407057437709662,68.41822232465238,66.77848625301955,117153,49.47,0.42,29.75,19.05,1.32
2011,Newham,E09000025,12993,20829,1806,18592,11500,33118,1452,1229,17564,18613,29911,19905,15526,17564,18613,29911,19905,15526,12165,22258,41515,17882,7699,101519,101519,34.900855997399496,25.198238753336817,35.635693811010746,33.907938415469026,101519,33.32,1.78,29.64,34.05,1.21
2011,Newport,W06000022,18229,21043,325,5981,6141,7870,702,881,32856,14414,9970,2962,970,32856,14414,9970,2962,970,23889,20999,14127,1914,243,61172,61172,6.427777414503368,3.5261230628392077,77.2739161707971,73.37997776760609,61172,64.2,0.53,19.82,14.01,1.44
2011,North East Lincolnshire,E06000012,21497,24573,213,3293,6798,11594,1033,706,40524,16179,10180,2235,589,40524,16179,10180,2235,589,27152,25188,15627,1575,165,69707,69707,4.051243060237852,2.496162508786779,81.34477168720503,75.08571592522989,69707,66.09,0.31,14.48,18.11,1.01
2011,North Lincolnshire,E06000013,23355,25782,179,4852,6043,8493,984,996,43208,15793,9156,1972,555,43208,15793,9156,1972,555,29587,25328,13814,1715,240,70684,70684,3.575066493124328,2.765831022579367,83.4715069888518,77.6908494142946,70684,69.52,0.25,15.41,13.41,1.41
2011,North Somerset,E06000024,32474,31891,542,3104,4999,13058,1212,947,52153,19275,12734,3260,805,52153,19275,12734,3260,805,37393,30773,18527,1393,141,88227,88227,4.60743309871128,1.7386967708297911,80.95934351162343,77.26206263388758,88227,72.95,0.61,9.18,16.17,1.07
2011,North Tyneside,E08000022,25611,33525,374,14610,5067,10146,1154,808,44575,25663,17130,3305,622,44575,25663,17130,3305,622,30014,37089,22177,1832,183,91295,91295,4.301440385563284,2.2071307300509337,76.93521003340818,73.50128703652993,91295,64.77,0.41,21.55,12.38,0.89
2011,Northumberland,E06000057,46086,45121,510,14820,11021,16225,2192,2559,78059,34151,21320,4201,803,78059,34151,21320,4201,803,54773,52023,28925,2555,258,138534,138534,3.612109662609901,2.030548457418396,80.99816651507933,77.0901006251173,138534,65.84,0.37,18.65,13.29,1.85
2011,Nottingham,E06000018,25152,31715,786,26176,11310,27300,1798,1894,47877,32671,29666,11720,4197,47877,32671,29666,11720,4197,34176,43792,40587,6525,1051,126131,126131,12.61941949243247,6.006453607757015,63.8605893872244,61.815097002322986,126131,45.09,0.62,29.72,23.07,1.5
2011,Oldham,E08000004,27193,31066,352,8708,10210,9676,1268,1230,37674,26321,18936,5066,1706,37674,26321,18936,5066,1706,23051,34588,26110,4843,1111,89703,89703,7.549357323612366,6.637459170819258,71.34098079216972,64.25537607437877,89703,64.95,0.39,21.09,12.2,1.37
2011,Pembrokeshire,W06000009,22307,14251,140,5822,2490,6180,1008,924,33114,10632,7077,1818,481,33114,10632,7077,1818,481,23460,17896,10483,1159,124,53122,53122,4.32777380369715,2.4151952110236814,82.35006212115508,77.850984526185,53122,68.82,0.26,15.65,13.53,1.74
2011,Peterborough,E06000031,19134,24743,689,4751,9683,12855,1313,855,36739,16692,14412,4481,1699,36739,16692,14412,4481,1699,25725,24420,20071,3135,672,74023,74023,8.3487564675844,5.142996095808059,72.18161922645663,67.7424584250841,74023,59.27,0.93,19.5,19.14,1.16
2011,Plymouth,E06000026,29763,34394,841,9403,11692,19431,2595,1188,49236,26185,24460,7550,1876,49236,26185,24460,7550,1876,32773,38199,34124,3806,405,109307,109307,8.623418445296275,3.85245226746686,68.99924067077131,64.92905303411493,109307,58.69,0.77,19.3,20.15,1.09
2011,Portsmouth,E06000044,20616,26281,825,10001,5610,19044,2054,1042,37348,19676,19159,7085,2205,37348,19676,19159,7085,2205,23322,29161,28713,3842,435,85473,85473,10.8689293695085,5.003919366349607,66.71580499104981,61.40301615714904,85473,54.87,0.97,18.26,24.68,1.22
2011,Powys,W06000023,25626,14464,179,5371,2790,7522,1116,1277,38131,11666,6467,1694,387,38131,11666,6467,1694,387,27199,19954,10011,1056,125,58345,58345,3.5667152283828947,2.024166595252378,85.3492158711115,80.81755077555918,58345,68.71,0.31,13.99,14.81,2.19
2011,Reading,E06000038,14222,20257,1130,6322,3920,15517,877,624,26206,13780,14315,6309,2259,26206,13780,14315,6309,2259,17844,20165,21079,3209,572,62869,62869,13.62833829073152,6.01409279613164,63.60209324150217,60.4574591611128,62869,54.84,1.8,16.29,26.08,0.99
2011,Redbridge,E09000026,27911,35072,1003,6269,5020,21441,1216,1173,39044,21446,21911,10907,5797,39044,21446,21911,10907,5797,26462,29590,32329,8581,2143,99105,99105,16.854850915695472,10.820846576862923,61.036274658190806,56.55819585288331,99105,63.55,1.01,11.39,22.86,1.18
2011,Redcar and Cleveland,E06000003,19806,19899,256,5999,5569,6698,736,642,32380,15079,9853,1899,394,32380,15079,9853,1899,394,22262,22543,13404,1280,116,59605,59605,3.846992701954534,2.34208539552051,79.62251488969046,75.16986829963929,59605,66.61,0.43,19.41,12.47,1.08
2011,Richmond upon Thames,E09000027,23756,26994,601,2451,7600,16410,1030,993,36143,18743,16943,6120,1886,36143,18743,16943,6120,1886,26568,26674,23577,2699,317,79835,79835,10.028183127700885,3.777791695371704,68.74929542180747,66.69004822446296,79835,63.57,0.75,12.59,21.85,1.24
2011,Rochdale,E08000005,24334,29815,340,13671,6576,10511,1045,1260,37603,23814,19318,5281,1536,37603,23814,19318,5281,1536,24996,32074,25789,3963,730,87552,87552,7.786229897660819,5.360243055555555,70.14916849415205,65.18411915204678,87552,61.85,0.39,23.13,13.2,1.44
2011,Rotherham,E08000018,33031,37579,309,19436,3853,11153,1109,1823,57531,28439,17500,3762,1061,57531,28439,17500,3762,1061,39889,41052,24040,2801,511,108293,108293,4.453658131181147,3.058369423693129,79.38647927382195,74.7425964743797,108293,65.2,0.29,21.51,11.32,1.68
2011,Rutland,E06000017,5889,4667,160,369,1316,1741,592,268,10560,2544,1527,313,58,10560,2544,1527,313,58,7964,4644,2209,164,21,15002,15002,2.473003599520064,1.2331689108118915,87.34835355285962,84.04212771630449,15002,70.36,1.07,11.23,15.55,1.79
2011,Salford,E08000006,22603,29523,508,18461,11358,18224,1196,1683,43350,27494,22862,7403,2447,43350,27494,22862,7403,2447,27942,39231,32075,3829,479,103556,103556,9.511761752095484,4.160067982540848,68.41129437212716,64.86635250492488,103556,50.34,0.49,28.8,18.75,1.63
2011,Sandwell,E08000028,32253,36882,701,27587,5852,14583,1091,2549,52796,31801,26377,7852,2672,52796,31801,26377,7852,2672,34389,42517,36436,6789,1367,121498,121498,8.661870977300037,6.712867701525951,69.62830663879241,63.298161286605534,121498,56.9,0.58,27.52,12.9,2.1
2011,Sefton,E08000014,42334,40803,664,4911,12152,14552,1252,1262,69489,25633,17107,4473,1228,69489,25633,17107,4473,1228,46973,40827,26760,2997,373,117930,117930,4.83422369202069,2.857627406088357,80.65971338929873,74.4509454761299,117930,70.5,0.56,14.47,13.4,1.07
2011,Sheffield,E08000019,62329,71798,881,40725,16192,32605,3155,2243,105300,57008,45788,15828,6004,105300,57008,45788,15828,6004,78341,78912,61797,9209,1669,229928,229928,9.495146306669914,4.731046240562263,70.5907936397481,68.3922793222226,229928,58.33,0.38,24.75,15.55,0.98
2011,Shropshire,E06000051,49998,39690,830,6458,10990,17013,2408,2287,82123,26320,16009,4235,987,82123,26320,16009,4235,987,56076,45461,25205,2592,340,129674,129674,4.027021608032451,2.261054644724463,83.6274041056804,78.3017412896957,129674,69.16,0.64,13.46,14.98,1.76
2011,Slough,E06000039,9502,17253,686,6656,3820,11713,635,501,14315,11340,14567,7117,3427,14315,11340,14567,7117,3427,9783,14176,20383,5208,1216,50766,50766,20.769806563447972,12.654138596698578,50.53579167159123,47.194973013434186,50766,52.7,1.35,20.64,24.32,0.99
2011,Solihull,E08000029,32227,31332,527,10199,2635,7795,707,634,52019,17141,13015,3249,632,52019,17141,13015,3249,632,38506,27259,18030,2024,237,86056,86056,4.509854048526541,2.6273589290694432,80.36627312447709,76.42116761178768,86056,73.86,0.61,14.91,9.88,0.74
2011,South Gloucestershire,E06000025,37050,43536,497,2063,8570,13124,1476,1222,64720,22498,15250,4155,915,64720,22498,15250,4155,915,46741,36224,22003,2355,215,107538,107538,4.714612509066562,2.389852889211256,81.10435380981606,77.14947274451822,107538,74.94,0.46,9.89,13.58,1.14
2011,South Tyneside,E08000023,17003,21330,297,16967,4237,6040,718,575,30528,19312,13778,2955,594,30528,19312,13778,2955,594,19679,27034,18195,2045,214,67167,67167,5.283844745187369,3.3632587431327883,74.20310569178316,69.54754566974853,67167,57.07,0.44,31.57,10.06,0.86
2011,Southampton,E06000045,21286,27587,1013,16633,6234,23007,1442,1052,36325,22503,26102,9735,3589,36325,22503,26102,9735,3589,24068,31017,37428,5110,631,98254,98254,13.560771062755714,5.843019113725649,59.87338937854947,56.06387526207585,98254,49.74,1.03,23.27,24.88,1.07
2011,Southend-on-Sea,E06000033,22960,25706,306,5079,3518,15472,967,670,33711,17535,16277,5361,1794,33711,17535,16277,5361,1794,21418,25701,24014,3156,389,74678,74678,9.581135006293689,4.7470473231741614,68.62261978092612,63.09622646562575,74678,65.17,0.41,11.51,22.01,0.9
2011,Southwark,E09000028,11805,23525,2453,37628,15016,26752,1741,1502,21179,23976,40544,22949,11774,21179,23976,40544,22949,11774,16077,31119,54751,14949,3526,120422,120422,28.83443224659945,15.341881051635085,37.497301157595786,39.192174187440834,120422,29.34,2.04,43.72,23.66,1.25
2011,St. Helens,E08000013,25215,25737,427,4590,11007,7056,680,1024,42143,18801,11690,2490,612,42143,18801,11690,2490,612,27539,29101,16952,1941,203,75736,75736,4.095806485687124,2.8308862364001266,80.46899757050808,74.78609908101828,75736,67.28,0.56,20.59,10.21,1.35
2011,Stockport,E08000007,42761,46555,987,10577,6043,12631,1221,1204,69260,28060,18789,4726,1144,69260,28060,18789,4726,1144,45609,44149,28651,3200,370,121979,121979,4.812303757204109,2.9267332901565024,79.78422515351004,73.58479738315611,121979,73.22,0.81,13.63,11.36,0.99
2011,Stockton-on-Tees,E06000004,23285,30940,255,7285,6340,9417,970,667,44245,19007,12327,2854,726,44245,19007,12327,2854,726,31297,28543,16962,2118,239,79159,79159,4.52254323576599,2.977551510251519,79.90500132644425,75.59468916989856,79159,68.5,0.32,17.21,13.12,0.84
2011,Stoke-on-Trent,E06000021,30628,33300,419,19712,6287,14176,1264,1789,48710,31305,20979,5099,1482,48710,31305,20979,5099,1482,27436,44489,30921,4119,610,107575,107575,6.117592377411109,4.396002788752034,74.38066465256797,66.86033000232396,107575,59.43,0.39,24.17,14.35,1.66
2011,Sunderland,E08000024,32419,39147,352,16725,15674,13077,1475,889,54415,34241,24296,5368,1438,54415,34241,24296,5368,1438,35052,47965,32638,3657,446,119758,119758,5.683127640742163,3.42607591977154,74.02929240635281,69.3206299370397,119758,59.76,0.29,27.05,12.15,0.74
2011,Sutton,E09000029,22357,30795,611,6421,5001,11671,758,560,32176,18929,18753,6360,1956,32176,18929,18753,6360,1956,21797,26295,25952,3631,499,78174,78174,10.637807966843196,5.283086448179701,65.37339780489677,61.51917517333128,78174,67.99,0.78,14.61,15.9,0.72
2011,Swansea,W06000011,34576,31683,308,13104,6774,13688,1572,1792,55288,24199,17523,5070,1417,55288,24199,17523,5070,1417,38522,36602,25111,2897,365,103497,103497,6.267814526024909,3.1517821772611767,76.80125993990164,72.58567881194624,103497,64.02,0.3,19.21,14.74,1.73
2011,Swindon,E06000030,22749,35153,1118,10269,4113,13020,1149,789,45487,20525,16204,4758,1386,45487,20525,16204,4758,1386,31357,31265,22795,2468,475,88360,88360,6.953372566772295,3.3306926210955186,74.70801267541874,70.87143503847895,88360,65.53,1.27,16.28,16.04,0.89
2011,Tameside,E08000008,26688,33870,309,4953,15485,11345,1228,1075,41720,27719,19699,4680,1135,41720,27719,19699,4680,1135,26387,37604,27225,3286,451,94953,94953,6.124082440786494,3.93563131233347,73.12986424862828,67.3922888165724,94953,63.78,0.33,21.52,13.24,1.13
2011,Telford and Wrekin,E06000020,18106,24311,292,5409,7697,9055,924,814,36696,15877,10579,2744,712,36696,15877,10579,2744,712,25368,24158,14801,1969,312,66608,66608,5.188565938025462,3.4245135719433097,78.92895748258468,74.35443190007206,66608,63.68,0.44,19.68,14.98,1.22
2011,Thurrock,E06000034,15899,25379,302,10055,1448,8220,552,498,26534,15773,14452,4299,1295,26534,15773,14452,4299,1295,18367,21690,18918,2954,424,62353,62353,8.971500970282104,5.417542058922586,67.8507850464292,64.24229788462463,62353,66.2,0.48,18.45,14.07,0.8
2011,Torbay,E06000027,21503,17921,554,505,4257,12647,1049,574,28034,15211,11252,3490,1023,28034,15211,11252,3490,1023,18738,22137,16616,1390,129,59010,59010,7.647856295543129,2.5741399762752075,73.28418912048805,69.26792069140824,59010,66.81,0.94,8.07,23.21,0.97
2011,Torfaen,W06000020,12176,13342,199,3840,5260,2894,421,392,21253,9290,6242,1389,350,21253,9290,6242,1389,350,14332,14058,8933,1080,121,38524,38524,4.514069151697643,3.1175371197175785,79.28304433599834,73.69432042363202,38524,66.24,0.52,23.62,8.61,1.02
2011,Tower Hamlets,E09000030,8648,15904,2383,17548,22558,31227,1737,1252,10442,19149,36431,23933,11302,10442,19149,36431,23933,11302,8094,25500,51058,12875,3730,101257,101257,34.7975942403982,16.398866251222138,29.223658611256504,33.17696554312295,101257,24.25,2.35,39.61,32.55,1.24
2011,Trafford,E08000009,30322,35118,570,4373,11112,11173,828,988,54517,19962,14720,4113,1172,54517,19962,14720,4113,1172,36928,32905,21589,2667,395,94484,94484,5.593539646924347,3.24076034037509,78.8271030015664,73.90986833749629,94484,69.26,0.6,16.39,12.7,1.05
2011,Vale of Glamorgan,W06000014,18954,19693,125,4025,2329,6780,1033,566,32701,11396,7259,1754,395,32701,11396,7259,1754,395,23441,18330,10598,1008,128,53505,53505,4.016447061022334,2.1231660592468,82.4165965797589,78.0693393140828,53505,72.23,0.23,11.88,14.6,1.06
2011,Wakefield,E08000036,40766,48525,650,24136,8993,14383,1634,1327,69136,40626,23936,5281,1435,69136,40626,23936,5281,1435,48155,56580,31902,3320,457,140414,140414,4.782998846268891,2.689902716253365,78.17026792200208,74.59014058427222,140414,63.59,0.46,23.59,11.41,0.95
2011,Walsall,E08000030,33516,33749,601,10774,15193,11533,1036,1420,54386,26696,19679,5370,1691,54386,26696,19679,5370,1691,36375,38324,27640,4570,913,107822,107822,6.548756283504294,5.08523306931795,75.1998664465508,69.27992431971212,107822,62.39,0.56,24.08,11.66,1.32
2011,Waltham Forest,E09000031,19396,28965,1018,10401,10975,23919,1183,1004,27568,21364,25474,14112,8343,27568,21364,25474,14112,8343,18674,26808,36476,11617,3286,96861,96861,23.182705113513176,15.385965455652943,50.51775224290478,46.95594718204437,96861,49.93,1.05,22.07,25.92,1.04
2011,Wandsworth,E09000032,24067,35326,1911,16752,9764,39171,2146,1356,34724,28936,40606,19063,7164,34724,28936,40606,19063,7164,27006,37131,54916,9762,1678,130493,130493,20.09839608254849,8.766753772232994,48.78422597380702,49.14976282252688,130493,45.51,1.46,20.32,31.66,1.04
2011,Warrington,E06000007,27206,33709,637,6147,7171,8683,866,721,49766,18224,13329,3112,709,49766,18224,13329,3112,709,33989,29986,19115,1825,225,85140,85140,4.487902278599953,2.407798919426827,79.85670660089265,75.14094432699085,85140,71.55,0.75,15.64,11.22,0.85
2011,West Berkshire,E06000037,19455,23980,695,575,8053,7457,1098,1027,37529,12334,9378,2559,540,37529,12334,9378,2559,540,27020,20528,13383,1267,142,62340,62340,4.971126082771896,2.26018607635547,79.98556304138594,76.27205646454924,62340,69.67,1.11,13.84,13.72,1.65
2011,Westminster,E09000033,18692,13595,885,12543,14805,39732,2217,3303,17910,21001,34451,21652,10758,17910,21001,34451,21652,10758,12052,27806,54401,9709,1804,105772,105772,30.64137957115304,10.884733199712588,36.78761865143894,37.68294066482623,105772,30.53,0.84,25.86,39.66,3.12
2011,Wigan,E08000010,42446,50113,331,22152,3651,14550,1325,1818,72093,35448,22797,4895,1153,72093,35448,22797,4895,1153,46583,53937,32205,3331,330,136386,136386,4.434472746469579,2.684293109263414,78.85046852316219,73.7025794436379,136386,67.87,0.24,18.92,11.64,1.33
2011,Wiltshire,E06000054,65734,65349,1463,7604,20987,22903,7065,3089,119062,39990,26339,7132,1671,119062,39990,26339,7132,1671,85435,65674,38584,4116,385,194194,194194,4.533095770209172,2.317785307476029,81.90366334696232,77.81342368971235,194194,67.5,0.75,14.72,15.43,1.59
2011,Windsor and Maidenhead,E06000040,19013,20663,358,711,7037,8099,1333,1135,33277,11804,9368,3029,871,33277,11804,9368,3029,871,24035,18798,13407,1830,279,58349,58349,6.683919175992734,3.614457831325301,77.26096419818677,73.40828463212738,58349,68.0,0.61,13.28,16.16,1.95
2011,Wirral,E08000015,46806,48037,713,7266,14063,20636,1639,1423,83342,32052,19686,4438,1065,83342,32052,19686,4438,1065,57252,50517,29661,2804,349,140583,140583,3.914413549291166,2.242803183884253,82.08247085351714,76.65862871044152,140583,67.46,0.51,15.17,15.84,1.01
2011,Wokingham,E06000041,21461,26642,679,2845,1391,6001,754,559,40096,10788,7190,1853,405,40096,10788,7190,1853,405,29625,19049,10493,1007,158,60332,60332,3.742624146389976,1.9309819001524895,84.33998541404229,80.67692103692899,60332,79.73,1.13,7.02,11.2,0.93
2011,Wolverhampton,E08000031,29416,28396,419,22796,5852,12517,938,1843,47912,24787,21200,6107,2171,47912,24787,21200,6107,2171,30849,35032,30301,5082,913,102177,102177,8.10162756784795,5.867269542069155,71.15006312575237,64.47732855730742,102177,56.58,0.41,28.04,13.17,1.8
2011,Wrexham,W06000006,17364,18908,211,10942,1861,6062,713,968,31749,13350,9206,2096,628,31749,13350,9206,2096,628,20594,21081,13406,1689,259,57029,57029,4.776517210542005,3.415805993441933,79.08081853092285,73.07685563485245,57029,63.6,0.37,22.45,11.88,1.7
2011,York,E06000014,28351,26876,631,7381,4298,13687,1293,1035,42862,20065,14695,4661,1269,42862,20065,14695,4661,1269,29882,30944,19792,2668,266,83552,83552,7.097376484105706,3.511585599387208,75.31477403293756,72.80017234775949,83552,66.1,0.76,13.98,17.93,1.24
2021,Barking and Dagenham,E09000002,11130,20189,1274,18077,5196,16443,1447,146,15511,18042,25261,11207,3881,15511,18042,25261,11207,3881,10720,19248,30793,10629,2512,73902,73902,20.416226895077266,17.781656788720195,45.4020188898812,40.550999972937134,73902,42.38,1.72,31.49,24.21,0.2
2021,Barnet,E09000003,39083,39324,1633,10030,10004,45180,3525,138,54012,34144,39476,17316,3969,54012,34144,39476,17316,3969,42709,40449,51793,11644,2322,148917,148917,14.293196881484317,9.37837855986892,59.19807678102568,55.84184478602175,148917,52.65,1.1,13.45,32.71,0.09
2021,Barnsley,E08000016,35620,31733,522,16772,4522,16296,2273,315,47498,37119,19622,3280,534,47498,37119,19622,3280,534,40445,42789,22606,1999,214,108053,108053,3.529749289700425,2.048069003174368,78.3106438507029,77.03071640768881,108053,62.33,0.48,19.71,17.19,0.29
2021,Bath and North East Somerset,E06000022,28855,22878,790,3064,8299,13758,1551,55,39337,19059,16762,3711,381,39337,19059,16762,3711,381,32037,25309,20184,1570,150,79250,79250,5.163406940063092,2.170347003154574,73.68580441640378,72.3608832807571,79250,65.28,1.0,14.34,19.32,0.07
2021,Bedford,E06000055,23359,23605,1427,1782,10418,12905,1411,42,37052,17407,15946,3859,687,37052,17407,15946,3859,687,29198,22401,20205,2664,482,74951,74950,6.065295993382343,4.197464976651101,72.65947085429147,68.84456304202801,74949,62.66,1.9,16.28,19.1,0.06
2021,Bexley,E09000004,31210,34207,1263,2491,11486,13078,1500,65,43680,24283,20499,5637,1201,43680,24283,20499,5637,1201,30448,31647,27373,4934,898,95300,95300,7.17523609653725,6.119622245540398,71.31479538300106,65.15739769150053,95300,68.64,1.33,14.67,15.3,0.07
2021,Birmingham,E08000025,114970,108046,3641,58609,40890,86669,9050,1580,164603,104505,109814,33150,11386,164603,104505,109814,33150,11386,117195,127032,139604,30422,9203,423458,423456,10.517217764217468,9.357524748734225,63.55010414255959,57.67470528224893,423455,52.67,0.86,23.5,22.6,0.37
2021,Blackburn with Darwen,E06000008,19573,15958,308,2718,8313,10290,1560,47,21318,18723,13655,3709,1362,21318,18723,13655,3709,1362,16344,21980,16722,3006,714,58767,58766,8.628992461755747,6.330190926726338,68.13517790596764,65.2145798591022,58767,60.46,0.52,18.77,20.16,0.08
2021,Blackpool,E06000009,20348,16886,213,3947,2753,18843,1726,67,32323,16745,13356,2151,214,32323,16745,13356,2151,214,21009,23441,18851,1354,136,64789,64791,3.65031100958496,2.299702119121483,75.73507848554539,68.60520751338922,64783,57.47,0.33,10.34,31.75,0.1
2021,Blaenau Gwent,W06000019,10564,7658,36,2776,4418,4160,687,41,15164,9176,5094,786,120,15164,9176,5094,786,120,10606,12118,6938,613,65,30340,30340,2.986156888595913,2.234673698088332,80.22412656558998,74.89782465392221,30340,60.06,0.12,23.71,15.98,0.14
2021,Bolton,E08000001,39475,33608,493,12540,11015,18776,2596,287,44158,37066,27912,7117,2535,44158,37066,27912,7117,2535,35524,43439,33013,5328,1486,118788,118790,8.125399872040946,5.736173078541965,68.3772771660437,66.47276706793501,118790,61.52,0.42,19.83,17.99,0.24
2021,Bracknell Forest,E06000036,14488,19053,877,2507,5382,6957,945,36,23471,12966,11347,2183,281,23471,12966,11347,2183,281,19108,16121,13444,1396,179,50248,50248,4.903677758318739,3.1344531125616943,72.51432892851457,70.11025314440376,50245,66.75,1.75,15.7,15.73,0.07
2021,Bradford,E08000032,66875,62698,1043,11798,18933,42709,5569,242,85137,59455,47779,13014,4485,85137,59455,47779,13014,4485,66977,72116,59321,9029,2423,209870,209866,8.33801877352647,5.456815301192189,68.89598322771239,66.2770529766613,209867,61.74,0.5,14.64,23.0,0.12
2021,Brent,E09000005,23933,21660,2246,10444,17432,39732,2994,171,30793,24045,37008,19218,7548,30793,24045,37008,19218,7548,22710,27337,48512,14926,5127,118612,118612,22.566013556807068,16.9063838397464,46.2330961454153,42.19387583043874,118612,38.44,1.89,23.5,36.02,0.14
2021,Bridgend,W06000013,23670,20291,136,2087,6587,8128,1398,63,38583,14701,7759,1142,172,38583,14701,7759,1142,172,27720,21675,11795,1035,135,62357,62360,2.107221322385618,1.8762026940346372,85.44990939269047,79.20942912123155,62360,70.5,0.22,13.91,15.28,0.1
2021,Brighton and Hove,E06000043,30444,31973,997,11587,6464,37167,2517,253,37565,30229,38395,13957,1256,37565,30229,38395,13957,1256,29532,37088,49366,4910,506,121402,121402,12.531095039620435,4.461211512166192,55.84257261000643,54.87553747055238,121402,51.41,0.82,14.87,32.69,0.21
2021,Bromley,E09000006,44794,48234,1166,2090,15836,21418,2243,47,64687,32437,30103,7458,1142,64687,32437,30103,7458,1142,49715,42488,37505,5425,695,135827,135828,6.331583558497206,4.505698383249404,71.50566529482356,67.88217451482758,135828,68.49,0.86,13.2,17.42,0.03
2021,Buckinghamshire,E06000060,77213,77026,2813,5766,22769,29769,4861,110,116612,51944,41981,8259,1532,116612,51944,41981,8259,1532,95963,66748,50618,5950,1050,220328,220329,4.443829200101666,3.1770670224981727,76.50230565338948,73.84910747110004,220327,70.0,1.28,12.95,15.72,0.05
2021,Bury,E08000002,27752,26240,292,6718,5326,12628,1621,119,34919,24351,16726,3753,943,34919,24351,16726,3753,943,28175,29177,20265,2579,499,80692,80695,5.819659941505973,3.814362723836669,73.45213899767016,71.07255715967533,80696,66.91,0.36,14.93,17.66,0.15
2021,Caerphilly,W06000018,27449,24053,228,10065,4258,8598,1556,48,46383,18615,9620,1432,207,46383,18615,9620,1432,207,31219,27810,15614,1434,180,76257,76257,2.149310882935337,2.116527007356701,85.23545379440576,77.40797566125077,76255,67.54,0.3,18.78,13.32,0.06
2021,Calderdale,E08000033,31269,27170,366,3793,9377,16210,2227,64,37898,27962,20137,3770,709,37898,27962,20137,3770,709,29978,33945,23970,2239,344,90476,90476,4.950484106282329,2.854900747159468,72.79278482691542,70.65188558291702,90476,64.59,0.4,14.56,20.38,0.07
2021,Camden,E09000007,14780,12727,715,21051,10199,30382,2630,274,17738,20563,34462,17035,2964,17738,20563,34462,17035,2964,13329,24607,45985,7145,1690,92762,92756,21.559474784933485,9.524990297123637,41.28953666372006,40.898701970762,92758,29.65,0.77,33.69,35.59,0.3
2021,Cardiff,W06000015,42072,43355,439,12883,12395,32757,3028,404,69853,35757,33572,7036,1115,69853,35757,33572,7036,1115,50564,47250,43712,5031,775,147333,147332,5.5323654578404025,3.940759644883664,71.68115764967794,66.39019357641246,147333,57.98,0.3,17.16,24.29,0.27
2021,Carmarthenshire,W06000010,35629,21936,209,8540,3158,10048,2123,116,49808,19726,10245,1691,290,49808,19726,10245,1691,290,38471,27511,14415,1217,145,81760,81759,2.422945205479452,1.6658716471581112,85.04647749510764,80.70304186695043,81759,70.41,0.26,14.31,14.89,0.14
2021,Central Bedfordshire,E06000056,40618,45305,2112,5620,10457,14329,2238,75,62559,31844,22304,3545,503,62559,31844,22304,3545,503,51010,40247,26667,2527,304,120755,120755,3.352242143182477,2.3444163802741085,78.17730114695044,75.57202600306405,120754,71.16,1.75,13.31,13.72,0.06
2021,Ceredigion,W06000008,14798,6378,96,752,2487,5294,1077,9,17866,7711,4354,844,118,17866,7711,4354,844,118,14622,10198,5643,370,61,30893,30894,3.1139740394264077,1.395092898297404,82.79221830188068,80.33922444487602,30891,68.55,0.31,10.49,20.62,0.03
2021,Cheshire East,E06000049,69191,56455,1772,4659,15584,23868,3246,79,98959,45912,25680,3764,541,98959,45912,25680,3764,541,80972,59190,32021,2319,354,174856,174856,2.462025895594089,1.5286864620030196,82.85160360525232,80.15853044791143,174854,71.86,1.01,11.58,15.51,0.05
2021,Cheshire West and Chester,E06000050,57620,48336,1945,9412,13298,21291,3093,159,86119,40607,24274,3642,514,86119,40607,24274,3642,514,69473,53317,29768,2294,303,155156,155155,2.67859444687927,1.673810060906835,81.6765062259919,79.14021462408559,155154,68.29,1.25,14.64,15.72,0.1
2021,City of London,E09000001,1114,680,12,449,281,2064,309,5,623,1231,2229,780,51,623,1231,2229,780,51,390,1158,3133,207,26,4914,4914,16.91086691086691,4.741554741554742,37.72893772893773,31.5018315018315,4914,36.51,0.24,14.86,48.29,0.1
2021,Conwy,W06000003,22759,12967,291,2051,4206,8526,1394,41,25385,16085,9086,1461,220,25385,16085,9086,1461,220,19803,19755,11611,964,100,52237,52233,3.218025537454295,2.037026400934275,79.38817313398549,75.73373154902073,52235,68.39,0.56,11.98,18.99,0.08
2021,Cornwall,E06000052,104659,61299,2949,13023,19016,41545,7826,216,122253,69062,47367,10608,1245,122253,69062,47367,10608,1245,99048,88767,57552,4615,553,250535,250535,4.731075498433353,2.062785638733111,76.36258407009001,74.9655736723412,250533,66.24,1.18,12.79,19.71,0.09
2021,County Durham,E06000047,81046,65775,692,21999,24859,35156,5042,195,111848,77976,38615,5613,709,111848,77976,38615,5613,709,87764,96974,46407,3282,334,234761,234761,2.692951554985709,1.5402899118678144,80.85840493097236,78.69194627727775,234764,62.54,0.29,19.96,17.12,0.08
2021,Coventry,E08000026,40278,36784,906,7244,15522,30134,3061,211,57776,37174,28893,8476,1820,57776,37174,28893,8476,1820,43201,45083,38080,6449,1330,134139,134143,7.675620065752689,5.799035357789821,70.78478294903047,65.81334844158846,134140,57.45,0.68,16.97,24.75,0.16
2021,Croydon,E09000008,36992,46675,2183,14769,12602,36484,2957,283,57409,33949,41073,16529,3986,57409,33949,41073,16529,3986,40376,41807,54895,13402,2466,152946,152946,13.41323081348973,10.374903560733854,59.732193061603446,53.73334379454187,152945,54.7,1.43,17.9,25.79,0.19
2021,Darlington,E06000005,16222,14474,190,5112,2819,9035,1043,20,24332,14827,8506,1106,148,24332,14827,8506,1106,148,17569,19069,11282,905,92,48919,48917,2.563421165600278,2.03814624772574,80.04865185306322,74.89829711552221,48915,62.75,0.39,16.21,20.6,0.04
2021,Denbighshire,W06000004,16828,11112,234,3298,2350,7295,1197,73,20024,13461,7442,1290,169,20024,13461,7442,1290,169,15712,16461,9330,795,89,42386,42387,3.442174302835842,2.085545096373888,79.00014155617421,75.90298912402388,42387,65.92,0.55,13.32,20.03,0.17
2021,Derby,E06000015,33384,28985,790,11713,8138,20395,2058,188,49173,28674,21777,4535,1493,49173,28674,21777,4535,1493,35239,36442,28700,3950,1321,105652,105652,5.7055237951008975,4.989020558058532,73.68246696702381,67.84632567296407,105651,59.03,0.75,18.79,21.25,0.18
2021,Doncaster,E08000017,44881,39002,563,18396,4298,22953,2988,399,69369,38656,21392,3519,544,69369,38656,21392,3519,544,53700,48352,28165,2889,374,133480,133480,3.043901708121067,2.444560982918789,80.92972729997004,76.45489961042853,133480,62.84,0.42,17.0,19.43,0.3
2021,Dorset,E06000059,77561,41593,1620,2263,18573,22778,4834,39,88387,45801,29646,4874,553,88387,45801,29646,4874,553,74823,56974,34653,2537,274,169261,169261,3.206290876220748,1.660748784421692,79.27874702382711,77.86613573120802,169261,70.4,0.96,12.31,16.31,0.02
2021,Dudley,E08000027,51133,39920,618,21157,4864,16644,2296,437,64516,38818,27850,4815,1069,64516,38818,27850,4815,1069,49784,48172,34623,3818,672,137068,137069,4.292759798056439,3.275722446359133,75.38885808503808,71.46473673843101,137069,66.43,0.45,18.98,13.82,0.32
2021,Ealing,E09000009,30275,31539,2658,11326,12056,42063,3427,313,41229,29943,39353,17975,5159,41229,29943,39353,17975,5159,29916,33372,52743,13826,3802,133659,133659,17.30822466126486,13.18878638924427,53.24893946535588,47.35034677799474,133657,46.25,1.99,17.49,34.03,0.23
2021,East Riding of Yorkshire,E06000011,65680,45518,634,10874,3406,22171,3561,222,85751,42539,20632,2830,314,85751,42539,20632,2830,314,69541,55234,25390,1735,166,152066,152066,2.0675233122459984,1.2501150816093012,84.36468375573763,82.05318743177304,152066,73.12,0.42,9.39,16.92,0.15
2021,Enfield,E09000010,31740,31607,1319,12530,8043,32773,2615,296,41221,27271,32689,15185,4557,41221,27271,32689,15185,4557,30644,31780,42871,12565,3065,120923,120925,16.326091810490972,12.925366962993593,56.64100295229196,51.62207980152987,120923,52.39,1.09,17.01,29.26,0.24
2021,Flintshire,W06000005,25945,22074,307,6985,2729,7544,1295,32,35578,19117,10137,1784,294,35578,19117,10137,1784,294,28944,23746,12996,1087,138,66910,66911,3.1056643252129725,1.8307901540852771,81.74413391122404,78.74639446428839,66911,71.77,0.46,14.52,13.21,0.05
2021,Gateshead,E08000037,27161,24448,350,17308,5026,12920,1664,122,35964,31084,18757,2763,431,35964,31084,18757,2763,431,27787,37479,21725,1799,209,88999,88999,3.588804368588411,2.256205125900291,75.3356779289655,73.33340824054203,88999,57.99,0.39,25.09,16.39,0.14
2021,Greenwich,E09000011,18473,28454,2471,21257,14070,26863,2225,238,33108,28341,37692,11874,3037,33108,28341,37692,11874,3037,22560,32976,46298,9947,2272,114052,114053,13.073861045838738,10.713440242694189,53.87805562375056,48.69315142959852,114051,41.15,2.17,30.97,25.5,0.21
2021,Gwynedd,W06000002,22214,11214,150,3524,5033,7060,1805,105,28294,14457,6858,1289,209,28294,14457,6858,1289,209,22080,18550,9486,888,101,51107,51105,2.931105328037255,1.9352313863614128,83.64998923826482,79.50298405244105,51105,65.41,0.29,16.74,17.35,0.21
2021,Hackney,E09000012,10263,15803,2664,21943,21002,31943,2204,259,16518,24743,44112,16633,4075,16518,24743,44112,16633,4075,12588,25814,54209,11070,2400,106081,106081,19.520932117909897,12.697844100263008,38.8957494744582,36.20063913424647,106081,24.57,2.51,40.48,32.19,0.24
2021,Halton,E06000006,17096,16744,429,2898,10721,7088,930,45,28411,16174,9657,1488,221,28411,16174,9657,1488,221,21441,19918,13390,1091,112,55951,55952,3.0544583653554005,2.150057191878753,79.68579650050938,73.91871604232199,55951,60.48,0.77,24.34,14.33,0.08
2021,Hammersmith and Fulham,E09000013,12483,13607,1208,11840,12391,27284,2274,157,17479,17678,31575,12323,2189,17479,17678,31575,12323,2189,14293,20429,39129,6206,1187,81244,81244,17.8622421348038,9.099748904534488,43.2733494165723,42.737925262173206,81244,32.11,1.49,29.82,36.38,0.19
2021,Haringey,E09000014,18141,20975,1732,15630,10844,35052,2324,393,27692,21899,33776,17083,4642,27692,21899,33776,17083,4642,19716,25609,45622,11210,2935,105092,105092,20.67236326266509,13.459635367106914,47.18817797739124,43.12887755490428,105091,37.22,1.65,25.19,35.57,0.37
2021,Harrow,E09000015,26947,25743,1007,4977,4321,24354,2141,152,36203,19684,20860,9614,3281,36203,19684,20860,9614,3281,26513,24177,28019,8438,2496,89642,89643,14.384998103567522,12.19727139877068,62.34465986925771,56.54652343183517,89642,58.78,1.12,10.37,29.56,0.17
2021,Hartlepool,E06000001,12761,11073,239,3986,5608,6338,856,68,20016,12148,7472,1146,149,20016,12148,7472,1146,149,15519,15242,9406,696,69,40931,40932,3.163861132149227,1.868953386103782,78.58102660575115,75.15147073194566,40929,58.23,0.58,23.44,17.58,0.17
2021,Havering,E09000016,34918,35461,976,9423,4384,14452,1567,95,44270,25769,23188,6625,1425,44270,25769,23188,6625,1425,34335,32449,28368,5266,859,101277,101277,7.948497684568066,6.047769977388746,69.15587941980904,65.94192166039673,101276,69.49,0.96,13.63,15.82,0.09
2021,Hillingdon,E09000017,28994,32837,1373,10179,7434,25692,2584,135,36451,26728,30146,12355,3545,36451,26728,30146,12355,3545,27287,31476,38076,9984,2405,109225,109228,14.557106889448388,11.342329805544365,57.842984664682994,53.79847658109642,109228,56.61,1.26,16.12,25.89,0.12
2021,Hounslow,E09000018,21761,25283,2225,13251,8367,29537,2251,286,28555,23197,32701,13893,4616,28555,23197,32701,13893,4616,21000,26288,40684,11544,3445,102962,102961,17.976535032342028,14.557939413952855,50.263203900468135,45.92806985169142,102961,45.69,2.16,21.0,30.87,0.28
2021,Isle of Anglesey,W06000001,13756,7264,87,3783,1037,3735,1064,98,17912,8060,4045,713,92,17912,8060,4045,713,92,14161,10652,5507,455,47,30822,30822,2.61177081305561,1.6287067678930631,84.26448640581403,80.50418532217248,30824,68.19,0.28,15.64,15.57,0.32
2021,Isle of Wight,E06000046,28737,15083,509,678,6379,11731,1649,9,31072,18840,12165,2438,260,31072,18840,12165,2438,260,23365,24246,15809,1246,109,64775,64775,4.165187186414512,2.0918564260903127,77.05441914318796,73.5021227325357,64775,67.65,0.79,10.89,20.66,0.01
2021,Isles of Scilly,E06000053,320,98,14,103,59,224,120,1,463,234,201,43,3,463,234,201,43,3,368,305,256,10,3,944,942,4.872881355932203,1.3800424628450108,73.83474576271186,71.44373673036092,939,44.52,1.49,17.25,36.63,0.11
2021,Islington,E09000019,11151,14589,1580,24081,14706,28084,1995,310,15555,22363,43756,12686,2136,15555,22363,43756,12686,2136,11346,24582,51520,7695,1353,96496,96496,15.36022218537556,9.376554468579007,39.29489305256176,37.23263140441054,96496,26.67,1.64,40.2,31.17,0.32
2021,Kensington and Chelsea,E09000020,13301,7890,676,7154,11276,23560,2900,127,16931,15130,21997,10885,1941,16931,15130,21997,10885,1941,10894,19296,31270,4112,1312,66884,66884,19.176484660008374,8.109562825189881,47.93523114646253,45.13785060702112,66884,31.68,1.01,27.56,39.56,0.19
2021,Kingston upon Thames,E09000021,18519,21418,460,4647,2597,16535,1376,76,28737,15010,16242,4852,785,28737,15010,16242,4852,785,21342,19673,20673,3420,518,65626,65626,8.58958339682443,6.000670465973852,66.6610794502179,62.49809526711974,65628,60.85,0.7,11.04,27.29,0.12
2021,Kirklees,E08000034,62352,54256,676,19678,6610,29858,4084,475,73200,50574,41978,9644,2592,73200,50574,41978,9644,2592,60828,61646,47775,6479,1261,177988,177989,6.874620760950176,4.348583339419852,69.5406431894285,68.80987027288204,177989,65.51,0.38,14.77,19.07,0.27
2021,Knowsley,E08000011,18902,20384,543,7109,9578,8366,1095,96,33669,19569,10681,1823,326,33669,19569,10681,1823,326,24826,24038,15317,1702,190,66068,66073,3.252709329781437,2.863499462715481,80.58061391293818,73.9545654049309,66073,59.46,0.82,25.26,14.32,0.15
2021,Lambeth,E09000022,16180,28289,2441,24126,21117,39228,3101,206,29173,31892,51014,18480,4129,29173,31892,51014,18480,4129,21600,34995,63871,11440,2783,134688,134689,16.78620218579235,10.5598823957413,45.33811475409836,42.01902159790332,134688,33.02,1.81,33.59,31.43,0.15
2021,Leeds,E08000035,95452,99132,1947,51716,18026,68197,6205,791,137104,102950,77935,19839,3638,137104,102950,77935,19839,3638,115796,117897,94996,11098,1679,341466,341466,6.875355086597201,3.741807383458382,70.30099629245665,68.43814611117945,341466,56.98,0.57,20.42,21.79,0.23
2021,Leicester,E06000016,31324,28106,662,18748,10747,34549,2888,365,46357,30547,33607,12350,4528,46357,30547,33607,12350,4528,30314,36177,45144,11677,4076,127389,127388,13.249181640487013,12.36615693785914,60.36941965161827,52.19565422174773,127389,46.65,0.52,23.15,29.39,0.29
2021,Lewisham,E09000023,18853,32377,1944,16045,19708,30797,2492,177,32138,28679,41620,15998,3957,32138,28679,41620,15998,3957,22849,33308,52274,11211,2750,122392,122392,16.304170207203086,11.406791293548595,49.69033923785868,45.88290084319237,122393,41.86,1.59,29.21,27.2,0.14
2021,Liverpool,E08000012,50393,46648,1378,9355,45403,49950,4117,247,95602,57874,43096,9504,1418,95602,57874,43096,9504,1418,66337,74574,59228,6261,1091,207494,207491,5.263766663132428,3.543286214823776,73.96647613906909,67.91186123735487,207491,46.77,0.66,26.39,26.06,0.12
2021,Luton,E06000032,20296,22281,426,8498,4425,21280,1607,127,26759,19018,21617,8760,2786,26759,19018,21617,8760,2786,19317,21559,28456,7592,2016,78940,78940,14.626298454522422,12.171269318469724,57.98961236382062,51.78109956929313,78940,53.94,0.54,16.37,28.99,0.16
2021,Manchester,E08000003,35423,44502,1679,24419,38857,65041,4362,447,62523,63804,66753,17365,4287,62523,63804,66753,17365,4287,45341,71482,80955,13605,3348,214732,214731,10.083266583462176,7.894994202048144,58.83007656054989,54.404347765343616,214730,37.22,0.78,29.47,32.32,0.21
2021,Medway,E06000035,34388,37734,1646,4553,10577,20219,2272,68,51648,29497,23654,5700,959,51648,29497,23654,5700,959,36909,37583,31917,4401,648,111458,111458,5.974447774049418,4.529957472770012,72.80320838342695,66.83414380304689,111457,64.71,1.48,13.57,20.18,0.06
2021,Merthyr Tydfil,W06000024,9101,7012,33,2168,3458,3325,642,44,15609,6033,3478,584,79,15609,6033,3478,584,79,9937,9308,5893,578,67,25783,25783,2.5714618159252223,2.5016483729589263,83.93902959314276,74.64220610479774,25783,62.49,0.13,21.82,15.39,0.17
2021,Merton,E09000024,20695,24773,869,2342,9257,21998,1750,42,32655,18752,20998,7353,1971,32655,18752,20998,7353,1971,23541,23381,27129,6208,1470,81729,81729,11.408435194361854,9.394462186004969,62.899338056259104,57.41168985305094,81726,55.63,1.06,14.19,29.06,0.05
2021,Middlesbrough,E06000002,17224,15913,330,6773,7233,11286,1391,115,29141,17235,11349,2104,433,29141,17235,11349,2104,433,21319,21670,15214,1707,352,60262,60262,4.209949885499984,3.4167468719923004,76.95728651554877,71.3368291792506,60265,54.99,0.55,23.24,21.04,0.19
2021,Milton Keynes,E06000042,27193,34752,6905,11029,9419,21780,1876,149,49435,28935,26537,6789,1406,49435,28935,26537,6789,1406,40160,35242,31582,5235,883,113102,113102,7.2456720482396415,5.409276582200138,69.29143604887624,66.66725610510866,113103,54.77,6.11,18.08,20.92,0.13
2021,Monmouthshire,W06000021,17738,11691,147,1493,4250,4674,908,21,25517,8676,5842,810,79,25517,8676,5842,810,79,21295,11848,7233,504,44,40924,40924,2.1723194213664354,1.3390675398299288,83.55243866679699,80.98670706675789,40922,71.91,0.36,14.03,13.64,0.05
2021,Neath Port Talbot,W06000012,23850,17661,99,4657,7342,7014,1638,116,40498,13832,6951,985,109,40498,13832,6951,985,109,26538,21942,12764,1022,109,62375,62375,1.7539078156312626,1.8132264529058115,87.10220440881764,77.72344689378757,62377,66.55,0.16,19.24,13.87,0.19
2021,Newcastle upon Tyne,E08000021,30707,29769,580,24431,9045,25300,2678,287,49671,38416,28132,5603,975,49671,38416,28132,5603,975,37931,46326,34529,3385,626,122797,122797,5.356808391084473,3.266366442176926,71.73383714585862,68.61486844141143,122797,49.25,0.47,27.26,22.78,0.23
2021,Newham,E09000025,14695,20884,2739,17989,14401,41391,3088,324,20115,24392,41739,19735,9525,20115,24392,41739,19735,9525,14463,26045,50136,18316,6547,115506,115507,25.332017384378304,21.525102374747853,38.53219746160373,35.069736033313994,115511,30.8,2.37,28.04,38.51,0.28
2021,Newport,W06000022,20172,21387,474,5648,7216,9663,1356,138,34942,16955,11464,2105,588,34942,16955,11464,2105,588,26615,22176,14996,1807,460,66054,66054,4.076967329760499,3.432040451751597,78.56753565264783,73.86532231204772,66054,62.92,0.72,19.47,16.68,0.21
2021,North East Lincolnshire,E06000012,24373,20211,358,2729,6462,14185,1459,49,41971,16468,10013,1241,134,41971,16468,10013,1241,134,29021,24686,14870,1133,116,69827,69826,1.969152333624529,1.7887319909489303,83.69112234522463,76.915475610804,69826,63.85,0.51,13.16,22.4,0.07
2021,North Lincolnshire,E06000013,27829,21567,204,5035,5918,10929,1626,64,41887,19230,10378,1405,273,41887,19230,10378,1405,273,32097,25678,13897,1275,226,73173,73173,2.293195577603761,2.0513030762713025,83.52397742336655,78.9567190083774,73172,67.51,0.28,14.97,17.16,0.09
2021,North Somerset,E06000024,37250,30532,679,2003,6711,15541,1879,53,48828,25721,16609,3172,320,48828,25721,16609,3172,320,40299,32456,20197,1542,154,94650,94648,3.6893819334389857,1.7919026286873467,78.76281035393555,76.86903051305892,94648,71.61,0.72,9.21,18.41,0.06
2021,North Tyneside,E08000022,31038,30233,504,14069,5696,12755,1870,67,45217,30701,17807,2255,252,45217,30701,17807,2255,252,34500,38342,21896,1365,131,96232,96234,2.6051625239005736,1.5545441320115552,78.89059772217142,75.69258266309204,96232,63.67,0.52,20.54,15.2,0.07
2021,Northumberland,E06000057,56684,39104,801,13597,12488,20149,3979,120,77074,43169,23178,3185,316,77074,43169,23178,3185,316,63679,53562,27828,1726,127,146922,146922,2.382897047412913,1.261213432978043,81.84138522481317,79.79812417473217,146922,65.2,0.55,17.75,16.42,0.08
2021,Nottingham,E06000018,27940,28375,609,22854,8942,33039,2649,335,43636,35433,34983,8689,2001,43636,35433,34983,8689,2001,34257,41549,41406,6147,1386,124742,124745,8.56968783569287,6.038718986732936,63.386028763367584,60.76876828730611,124743,45.14,0.49,25.49,28.61,0.27
2021,Oldham,E08000004,29384,26845,412,7572,12188,14253,2245,241,32549,28571,22747,6693,2581,32549,28571,22747,6693,2581,24936,33862,27346,5373,1622,93141,93139,9.956946994341912,7.5102803336948,65.62094029482182,63.12930136677439,93140,60.37,0.44,21.22,17.71,0.26
2021,Pembrokeshire,W06000009,24647,12556,141,5691,3303,7277,1837,35,30392,14501,8893,1491,211,30392,14501,8893,1491,211,25439,18345,10742,872,87,55488,55485,3.067329873125721,1.728395061728395,80.90578143021915,78.91141750022528,55487,67.05,0.25,16.21,16.43,0.06
2021,Peterborough,E06000031,22268,24624,1167,5009,10751,18675,1937,102,36334,22170,20015,4899,1115,36334,22170,20015,4899,1115,28513,26745,24147,4200,928,84533,84533,7.114381365857121,6.066269977405274,69.2084747968249,65.36855429240651,84533,55.47,1.38,18.64,24.38,0.12
2021,Plymouth,E06000026,33783,32255,1349,7386,13725,22754,3167,138,48724,31892,28154,5194,594,48724,31892,28154,5194,594,36516,40333,34668,2779,261,114558,114557,5.0524625080745125,2.653700777778748,70.37134028177866,67.0836352208944,114557,57.65,1.18,18.43,22.63,0.12
2021,Portsmouth,E06000044,21958,23066,769,9394,6113,22196,2473,186,36501,22193,21375,5381,705,36501,22193,21375,5381,705,24041,28969,29378,3348,419,86155,86155,7.064012535546399,4.372352155997911,68.12605188323371,61.528640241425336,86155,52.26,0.89,18.0,28.63,0.22
2021,Powys,W06000023,28098,12586,151,5294,3187,8592,2168,106,36742,14696,7431,1146,165,36742,14696,7431,1146,165,29170,20308,9928,681,95,60180,60182,2.178464606181456,1.2894220863381078,85.47357926221336,82.21395101525373,60182,67.6,0.25,14.09,17.88,0.18
2021,Reading,E06000038,15426,18707,883,6145,4779,20373,1250,120,25314,16619,18938,5674,1139,25314,16619,18938,5674,1139,18411,20473,24025,3951,823,67684,67683,10.065894450682585,7.053469852104664,61.95408072808936,57.45017212594005,67683,50.43,1.3,16.14,31.95,0.18
2021,Redbridge,E09000026,27956,31265,983,6604,5103,29079,2497,227,38190,23631,25604,12141,4146,38190,23631,25604,12141,4146,29194,27566,33324,10899,2731,103712,103714,15.70406510336316,13.1419094818443,59.60833847577908,54.727423491524775,103714,57.1,0.95,11.29,30.45,0.22
2021,Redcar and Cleveland,E06000003,22649,17205,346,5269,6380,8410,1338,41,32062,17889,10160,1346,181,32062,17889,10160,1346,181,24552,22863,13129,978,116,61638,61638,2.4773678574905094,1.7748791330023683,81.03929394204874,76.92494889516207,61638,64.66,0.56,18.9,15.81,0.07
2021,Richmond upon Thames,E09000027,24535,25826,560,1829,7923,18393,1577,61,35909,19844,19252,5044,657,35909,19844,19252,5044,657,28502,25300,23682,2821,400,80706,80705,7.063910985552499,3.9910786196642087,69.08160483731073,66.66501455919708,80704,62.4,0.69,12.08,24.74,0.08
2021,Rochdale,E08000005,27411,26966,342,9972,8843,14535,1968,185,33658,27992,21426,5529,1618,33658,27992,21426,5529,1618,27087,31943,26092,4126,975,90223,90223,7.921483435487625,5.653768994602263,68.33069173049002,65.42677587754785,90222,60.27,0.38,20.85,18.29,0.21
2021,Rotherham,E08000018,38318,34178,467,18981,4564,14651,2384,383,56127,34033,19789,3274,702,56127,34033,19789,3274,702,44227,42275,24446,2511,466,113925,113925,3.490015360983103,2.6131226684222075,79.13978494623656,75.92890059249507,113926,63.63,0.41,20.67,14.95,0.34
2021,Rutland,E06000017,7286,4555,233,310,1509,2082,708,8,10960,3605,1892,202,34,10960,3605,1892,202,34,9049,5117,2363,148,17,16693,16694,1.4137662493260648,0.9883790583443152,87.25214161624632,84.85683479094286,16691,70.94,1.4,10.9,16.72,0.05
2021,Salford,E08000006,25294,28774,646,13599,15628,28651,2202,323,40931,35560,30776,6645,1204,40931,35560,30776,6645,1204,30380,40985,38428,4589,734,115116,115116,6.818339761631745,4.624031411793322,66.44688835609298,61.99398867229577,115117,46.97,0.56,25.39,26.8,0.28
2021,Sandwell,E08000028,35924,34080,631,27293,7319,21710,2527,762,48027,37651,33903,8039,2626,48027,37651,33903,8039,2626,35152,44071,41390,7554,2079,130246,130246,8.188351273743532,7.39600448382292,65.7816746771494,60.82566835065953,130246,53.75,0.48,26.57,18.61,0.59
2021,Sefton,E08000014,46426,35565,845,4159,13576,20029,2428,45,67738,31626,19980,3191,540,67738,31626,19980,3191,540,50102,42819,27452,2289,411,123075,123073,3.031484866951046,2.193819928010205,80.73451147674182,75.50071908542085,123073,66.62,0.69,14.41,18.25,0.04
2021,Sheffield,E08000019,71903,63274,776,36110,16224,38976,4448,237,99439,64039,54085,12084,2304,99439,64039,54085,12084,2304,82458,76779,63888,7436,1389,231951,231950,6.2030342615466205,3.804699288639793,70.4795409375256,68.65143349859883,231948,58.28,0.33,22.56,18.72,0.1
2021,Shropshire,E06000051,59262,36522,1170,5616,12553,20425,3942,89,78474,36152,20920,3275,758,78474,36152,20920,3275,758,64362,47155,25599,2053,410,139579,139579,2.8894031337092256,1.764592094799361,82.12266888285487,79.89525644975247,139579,68.62,0.84,13.02,17.46,0.06
2021,Slough,E06000039,10215,15186,573,6304,3962,15101,994,88,12801,11883,17534,7706,2500,12801,11883,17534,7706,2500,9557,13307,21272,6570,1717,52424,52423,19.468182511826644,15.807946893539096,47.085304440714175,43.61444404173741,52423,48.45,1.09,19.58,30.7,0.17
2021,Solihull,E08000029,35054,29584,710,8901,3631,10249,1247,106,48842,21577,15946,2697,421,48842,21577,15946,2697,421,40179,27678,19277,2082,267,89483,89483,3.4844607355587094,2.6250796240626717,78.69539465596817,75.83228099192026,89482,72.24,0.79,14.01,12.85,0.12
2021,South Gloucestershire,E06000025,43220,42272,1231,2122,10616,16441,2147,52,64419,29408,20448,3391,435,64419,29408,20448,3391,435,51532,38504,25456,2327,282,118101,118101,3.239600003386932,2.2091260869933365,79.44640604228584,76.23644168974015,118101,72.39,1.04,10.79,15.74,0.04
2021,South Tyneside,E08000023,20503,18152,336,15720,4488,7742,1283,64,29969,21722,14443,1913,240,29969,21722,14443,1913,240,22035,27401,17520,1219,112,68287,68287,3.152869506641089,1.9491264808821591,75.69669190329053,72.39445282411,68288,56.61,0.49,29.59,13.22,0.09
2021,Southampton,E06000045,23049,25789,1061,14958,7439,28063,1797,134,34102,26638,31638,8678,1236,34102,26638,31638,8678,1236,24485,32346,39508,5204,748,102292,102291,9.691862511242324,5.818693726720825,59.37903257341728,55.558162497189386,102290,47.74,1.04,21.9,29.19,0.13
2021,Southend-on-Sea,E06000033,24722,23301,503,4822,4197,19085,1674,40,32849,20314,19878,4680,623,32849,20314,19878,4680,623,23021,26321,25698,2979,325,78344,78344,6.76886551618503,4.217298070050036,67.85841927907688,62.98121106913101,78344,61.3,0.64,11.51,26.5,0.05
2021,Southwark,E09000028,13879,23870,3182,35433,16558,34493,3013,392,23862,31590,53224,17656,4486,23862,31590,53224,17656,4486,17780,33974,63094,12735,3235,130818,130818,16.925805317311074,12.207800149826475,42.38866211071871,39.56183399837943,130820,28.86,2.43,39.74,28.67,0.3
2021,St. Helens,E08000013,28023,24026,627,5030,10963,10785,1479,80,42230,23601,12845,2038,297,42230,23601,12845,2038,297,31051,30601,17471,1702,186,81011,81011,2.8823246225821184,2.330547703398304,81.26180395254966,76.10324523830097,81013,64.25,0.77,19.74,15.14,0.1
2021,Stockport,E08000007,46498,43527,1486,9880,6969,16238,1954,96,62768,34982,23903,4360,632,62768,34982,23903,4360,632,49051,44418,29872,2910,397,126645,126648,3.9417268743337672,2.611174278314699,77.18425520154764,73.80219190196449,126648,71.08,1.17,13.3,14.36,0.08
2021,Stockton-on-Tees,E06000004,27726,27686,385,7204,6469,12388,1819,79,45141,23181,12984,2028,423,45141,23181,12984,2028,423,35963,29707,16406,1393,288,83757,83757,2.9263225760234968,2.006996430149122,81.5716895304273,78.4053870124288,83756,66.16,0.46,16.32,16.96,0.09
2021,Stoke-on-Trent,E06000021,33558,29095,404,16913,7656,20065,2335,374,49847,34337,21406,3969,841,49847,34337,21406,3969,841,29987,44280,31349,4125,659,110400,110400,4.356884057971015,4.333333333333334,76.2536231884058,67.27083333333333,110400,56.75,0.37,22.25,20.29,0.34
2021,Sunderland,E08000024,38312,32680,484,13760,18794,15827,2269,51,55220,39019,23709,3752,477,55220,39019,23709,3752,477,39481,49459,30455,2491,291,122177,122177,3.461371616589047,2.2770243171791744,77.13317563862265,72.79602543850315,122177,58.11,0.4,26.64,14.81,0.04
2021,Sutton,E09000029,23400,29647,889,5399,6268,15372,1311,61,31612,20395,22327,6879,1135,31612,20395,22327,6879,1135,23272,25107,28038,5286,645,82348,82348,9.731869626463302,7.202360713071355,63.15514645164424,58.74945353864089,82347,64.42,1.08,14.17,20.26,0.07
2021,Swansea,W06000011,37162,28224,315,12257,7788,16417,2484,315,55361,27261,18677,3273,390,55361,27261,18677,3273,390,40802,36543,25241,2145,231,104962,104962,3.489834416264934,2.263676378117795,78.71610678150188,73.68857300737409,104962,62.29,0.3,19.1,18.01,0.3
2021,Swindon,E06000030,27968,33075,1203,9786,5158,16798,1722,151,43039,25691,21712,4395,1025,43039,25691,21712,4395,1025,34753,31399,25600,3349,761,95862,95862,5.653960902130145,4.287413156412343,71.6968141703699,69.00753166009473,95861,63.68,1.25,15.59,19.32,0.16
2021,Tameside,E08000008,30363,30158,320,5556,15569,15489,1970,102,33670,34093,25330,5256,1179,33670,34093,25330,5256,1179,28785,37990,28646,3503,603,99528,99527,6.465517241379311,4.125513679705005,68.08435817056507,67.09234680036573,99527,60.81,0.32,21.23,17.54,0.1
2021,Telford and Wrekin,E06000020,23088,22776,586,4966,8818,14694,1503,78,37455,22184,14184,2253,434,37455,22184,14184,2253,434,30624,26980,16968,1669,269,76510,76510,3.5119592210168604,2.5330022219317736,77.94928767481375,75.28950463991634,76509,59.95,0.77,18.02,21.17,0.1
2021,Thurrock,E06000034,16912,25108,445,9639,2094,11015,1116,48,23533,18072,18744,4979,1049,23533,18072,18744,4979,1049,18567,21545,21743,3899,623,66377,66377,9.081458939090348,6.81260075025988,62.6798439218404,60.430570830257466,66377,63.31,0.67,17.68,18.28,0.07
2021,Torbay,E06000027,24663,15699,622,561,4664,15195,1572,16,26812,19082,13778,2991,331,26812,19082,13778,2991,331,20756,22943,17779,1348,168,62994,62994,5.273518112836143,2.406578404292472,72.85455757691209,69.37009873956251,62992,64.07,0.99,8.29,26.62,0.03
2021,Torfaen,W06000020,13952,11963,223,3324,6251,3701,794,33,21697,10543,6727,1125,149,21697,10543,6727,1125,149,15882,14254,9189,816,100,40241,40241,3.1659253000670957,2.2762853805819936,80.11729330782038,74.88879501006436,40241,64.4,0.55,23.79,11.17,0.08
2021,Tower Hamlets,E09000030,9424,18459,3143,16697,26540,43126,2874,276,11167,28204,53831,20612,6725,11167,28204,53831,20612,6725,9039,29162,63208,14882,4248,120539,120539,22.67896697334473,15.870382199951882,32.6624577937431,31.691817586009503,120539,23.13,2.61,35.87,38.16,0.23
2021,Trafford,E08000009,33149,33238,654,4065,10354,13254,1490,65,50470,24636,17185,3433,545,50470,24636,17185,3433,545,37905,32841,22743,2406,373,96269,96268,4.132171311637183,2.8867328707358624,78.01680707185075,73.48859434079861,96269,68.96,0.68,14.98,15.32,0.07
2021,Vale of Glamorgan,W06000014,22052,19231,135,3660,3363,7474,1503,31,34631,13439,8183,1082,115,34631,13439,8183,1082,115,26401,18665,11458,847,79,57450,57450,2.08355091383812,1.6118363794604005,83.67275892080069,78.44386422976501,57449,71.86,0.23,12.22,15.63,0.05
2021,Wakefield,E08000036,48566,47260,1200,22323,10865,19969,2785,107,69017,49949,28389,4868,852,69017,49949,28389,4868,852,56482,59245,33630,3261,457,153075,153075,3.736730360934183,2.4288747346072186,77.71745876204474,75.60150253143884,153075,62.6,0.78,21.68,14.86,0.07
2021,Walsall,E08000030,36296,30293,557,9241,17335,16323,2013,168,48548,32195,24691,5268,1523,48548,32195,24691,5268,1523,37027,38439,30935,4812,1013,112225,112226,6.051236355535754,5.190419332418513,71.94742704388504,67.24466701120953,112226,59.33,0.5,23.68,16.34,0.15
2021,Waltham Forest,E09000031,20817,29539,1700,10737,11362,26361,2232,153,30917,23707,30219,13407,4650,30917,23707,30219,13407,4650,21746,28709,38615,10794,3039,102900,102903,17.548104956268222,13.442756770939624,53.08454810495626,49.031612295074,102901,48.94,1.65,21.48,27.79,0.15
2021,Wandsworth,E09000032,24410,33915,2509,16653,9891,46295,3535,184,36179,34966,48346,15059,2843,36179,34966,48346,15059,2843,29689,38614,58750,8742,1598,137393,137393,13.029775898335432,7.525856484682627,51.78211408150343,49.71359530689337,137392,42.45,1.83,19.32,36.27,0.13
2021,Warrington,E06000007,31939,30246,686,4982,8860,12193,1580,52,48267,23867,15694,2405,305,48267,23867,15694,2405,305,37494,30795,20269,1798,182,90538,90538,2.9932183171706908,2.186927036161612,79.67262364973823,75.42578806688904,90538,68.68,0.76,15.29,15.21,0.06
2021,West Berkshire,E06000037,23209,21828,878,787,8518,9668,1763,7,34726,16558,12702,2402,270,34726,16558,12702,2402,270,29214,20966,14946,1371,160,66658,66657,4.008521107744007,2.2968330407909145,76.93600168021842,75.28091573278125,66658,67.56,1.32,13.96,17.15,0.01
2021,Westminster,E09000033,15213,10749,695,12418,14392,36871,4194,284,17522,21288,36225,16418,3359,17522,21288,36225,16418,3359,11541,25088,48474,7658,2053,94812,94814,20.85917394422647,10.242158331048156,40.93363709235118,38.63248043537874,94816,27.38,0.73,28.28,43.31,0.3
2021,Wigan,E08000010,49212,45766,655,20083,4250,20040,2721,378,70457,43237,24333,4408,670,70457,43237,24333,4408,670,52738,55084,31873,3051,359,143105,143105,3.548443450613186,2.3828657279619856,79.44795779322875,75.34467698543028,143105,66.37,0.46,17.0,15.91,0.26
2021,Wiltshire,E06000054,80220,63547,2546,7845,23383,27674,9748,118,117963,55356,35433,5658,671,117963,55356,35433,5658,671,98103,70714,42373,3488,405,215081,215083,2.9426123181499064,1.8099989306453783,80.58312914669357,78.48923438858488,215081,66.84,1.18,14.52,17.4,0.05
2021,Windsor and Maidenhead,E06000040,20393,19913,392,705,6950,10635,1918,23,31337,14907,11690,2502,496,31337,14907,11690,2502,496,25549,18880,14431,1718,354,60932,60932,4.920238954900545,3.4005120462154528,75.89443970327578,72.91570931530231,60929,66.15,0.64,12.56,20.6,0.04
2021,Wirral,E08000015,51333,41781,887,5611,16454,24397,2694,95,80068,38398,21392,3030,364,80068,38398,21392,3030,364,60047,50582,30267,2109,246,143252,143251,2.369251389160361,1.6439675813781405,82.6976237679055,77.22738410203071,143252,65.0,0.62,15.4,18.91,0.07
2021,Wokingham,E06000041,24952,27647,1426,2844,2487,8665,1117,27,39557,16463,10889,2004,251,39557,16463,10889,2004,251,33715,21030,13047,1230,142,69164,69164,3.260366664738881,1.983690937481927,80.99589381759297,79.15244925105547,69165,76.05,2.06,7.71,14.14,0.04
2021,Wolverhampton,E08000031,31345,26465,445,19761,6723,17922,2084,397,44577,28420,25507,5484,1153,44577,28420,25507,5484,1153,31885,34551,32648,5120,936,105141,105140,6.312475627966255,5.759939128780673,69.42772087006972,63.18813011223131,105142,54.98,0.42,25.19,19.03,0.38
2021,Wrexham,W06000006,19947,16271,182,9958,2203,7890,1276,188,27698,17253,10781,1883,298,27698,17253,10781,1883,298,21824,20894,13753,1276,167,57913,57914,3.765993818313677,2.491625513692717,77.6181513649785,73.76109403598439,57915,62.54,0.31,21.0,15.83,0.32
2021,York,E06000014,31453,24182,719,7152,4772,15209,1875,96,38642,25351,17707,3465,294,38642,25351,17707,3465,294,32613,30836,20430,1445,135,85459,85459,4.398600498484654,1.8488397945213493,74.8815221334207,74.2449595712564,85458,65.1,0.84,13.95,19.99,0.11
